origin,destination,count,delay
SFO,CLT,1818,624
SFO,MSP,2449,754
SEA,MSP,2547,978
LAS,MCI,1608,632
SEA,MIA,344,160
MSP,FLL,611,194
DEN,MIA,1342,608
PHX,ORD,4416,1686
SLC,ATL,2549,739
LAS,HNL,811,455
PHX,DFW,4146,1628
ORD,PHX,4419,1674
ONT,SFO,2174,726
HNL,KOA,6390,2218
ORD,IAH,4186,1995
DFW,MIA,3672,1768
BOS,MIA,2317,820
MKE,IAH,871,335
PDX,PHX,3098,977
IAH,MIA,2883,1284
BOI,SFO,1397,554
BJI,MSP,667,172
BNA,ATL,3231,1001
PHL,IAH,2176,845
PDX,DEN,3423,1140
DEN,DFW,6135,2555
EUG,DEN,631,243
SFO,DEN,5066,1995
ORD,DEN,5613,2854
IAD,IAH,1399,578
SMF,DEN,2391,789
PHX,DTW,2717,962
ATL,IAD,2622,887
MFR,DEN,525,164
IDA,DEN,905,333
SEA,IAH,2204,762
JFK,MIA,3594,1359
CHS,EWR,1274,483
MKE,DEN,2009,633
DEN,LAX,5688,2769
SBA,DEN,650,183
IND,PHX,1306,414
CLE,IAH,1151,373
LAX,DFW,6649,2526
MCI,IAH,1698,677
RIC,IAH,526,223
BFL,DEN,610,184
OMA,IAH,1166,519
RDM,DEN,480,169
FLL,BDL,945,402
MCO,LAX,2414,872
SEA,DFW,3545,1492
LAN,ORD,877,306
BUF,EWR,531,189
ORD,LGA,9575,3640
ONT,DEN,1176,420
PHX,IAH,3273,1133
SMF,PHX,3164,1099
OAK,PHX,2532,1121
RNO,DEN,1364,394
PIT,IAH,902,301
ABQ,HOU,934,345
PDX,IAH,774,258
MCO,PHX,1287,454
SFO,PHX,4856,1676
DFW,MCO,3826,1616
MIA,PHL,2663,1184
SLC,DFW,2990,1067
BWI,MIA,1098,401
MCI,DFW,2561,952
LGA,MIA,6308,2231
LAS,DFW,4289,1498
SMF,DFW,1326,454
OMA,DFW,1363,426
OKC,DFW,2711,822
GEG,SEA,3178,1305
PBI,JFK,1910,825
FLL,LGA,5307,2217
JAX,JFK,964,373
DCA,BOS,7686,2586
RNO,SLC,953,253
BOS,MSP,1821,651
PHX,ATL,3644,1181
MCO,LGA,3916,1599
FLL,JFK,4432,1659
TYS,DFW,1624,791
SAV,EWR,660,300
CLT,ORD,4641,1871
ERI,ORD,638,249
SFO,IAH,3426,1629
ATL,TTN,325,194
RDU,JFK,1597,620
ACY,RSW,483,209
DTW,LGA,4429,1874
DFW,FLL,2696,1205
RAP,DEN,563,194
TUS,SFO,636,261
FSD,ORD,2023,809
FAT,SEA,883,349
BOI,LAX,682,291
SPI,ORD,998,318
CLD,LAX,641,225
FAT,SFO,1191,423
PSC,DEN,703,289
CPR,DEN,956,292
ACV,SFO,1320,449
DAL,IAH,481,208
DFW,DEN,6058,2484
FAT,DEN,1012,403
PSP,SFO,2145,762
PSP,DEN,985,368
CAE,IAD,194,78
PHX,DEN,7204,2849
SMF,IAH,647,246
BOS,PHX,1428,623
DFW,PHX,4144,1513
PBI,BOS,1606,822
MCO,JFK,5346,2253
RDU,ATL,4712,1396
TUS,IAH,1152,442
MCI,DEN,2124,884
OKC,LAX,316,164
MTJ,DEN,461,110
RSW,DTW,1614,555
RIC,ORD,2088,765
SJC,SLC,1678,387
EWR,CLT,4145,1326
PHX,MSP,4058,1342
GUC,DEN,279,108
MIA,LGA,6318,2631
MLU,IAH,793,265
KOA,HNL,6347,2470
CMH,ATL,3266,861
FLL,EWR,3441,1168
DCA,DTW,1713,576
SMF,SLC,1479,501
LAW,DFW,1331,429
CHS,IAH,584,225
MEM,IAH,1691,623
SLC,DEN,6184,2295
DCA,JFK,996,452
COS,IAH,894,373
LAR,DEN,581,132
DRO,PHX,698,241
FAT,PHX,471,156
ITO,HNL,4794,1621
PBI,LGA,2905,1301
BUF,CLT,1206,428
RDU,MIA,1016,393
DCA,MSP,1654,494
CAE,IAH,289,98
PSP,SLC,747,172
HLN,DEN,335,112
MCO,IAH,2613,1034
FAT,SLC,856,235
MIA,EWR,2714,1122
MDW,PHX,2259,875
IAD,DFW,1343,417
CLT,DFW,4046,1522
PHL,DFW,3625,1281
RDU,DFW,1611,505
FAI,SEA,1316,399
FLL,BOS,2184,991
RSW,BOS,1634,753
BWI,MSP,1039,302
BWI,ORD,2466,992
SBA,PHX,1027,281
TWF,SLC,815,213
BDL,ORD,1490,525
LAX,PHX,7330,3567
EWR,PHX,2103,771
AUS,IAH,2079,814
SFO,EWR,5025,1766
JFK,PHX,2326,848
SAN,PHX,5123,2085
ONT,PHX,2971,1264
PBI,ORD,580,199
EWR,DFW,2604,799
JFK,LAX,12016,3857
BOS,PIT,1158,352
SEA,ATL,2672,889
BPT,DFW,973,407
TPA,DEN,1586,419
RSW,DEN,387,137
ACY,MYR,334,66
STC,ORD,83,38
MSP,LAX,3093,1209
JFK,MSY,1110,347
MIA,ORD,4156,1548
JAX,DFW,1255,360
PVD,MCO,2023,590
JFK,LAS,3703,1283
ORD,EWR,3874,1659
BLI,SEA,249,118
SLC,SJC,1671,404
BDL,MIA,376,154
SHV,DFW,2280,951
BTR,DFW,2333,1077
CHS,MIA,255,71
LGA,FLL,5304,2098
MSN,ORD,3181,998
BUF,ORD,2008,696
OKC,ATL,1976,469
MSP,MIA,846,257
MIA,DCA,2974,1296
ATL,LGA,8234,3217
LNK,DEN,765,221
DEN,MSP,5504,2177
LAS,DEN,6265,2310
PHX,LAX,7380,3443
ATL,IAH,3806,1280
EKO,SLC,531,112
IAD,JFK,950,322
PHX,SFO,4863,1921
PHX,DAL,1457,714
PHL,PHX,2411,912
BOS,DFW,3073,1003
DFW,TPA,2500,939
ORD,TPA,2434,1054
PSP,IAH,287,137
HYS,DEN,573,193
HNL,ITO,4794,1866
DTW,LAS,2933,962
ABQ,DAL,1581,756
MIA,DEN,1349,667
BWI,DFW,1773,636
TTN,RDU,278,88
ABQ,ORD,552,176
ALB,ORD,872,281
DFW,CLT,4044,1531
BOS,ORD,6551,2417
SNA,DEN,3331,1173
CLE,PHX,726,302
DCA,DAL,2515,652
MCO,SFO,799,249
EWR,DEN,2643,973
SLC,PHX,5479,1766
BOI,PHX,1089,383
DCA,PHX,976,421
BOS,LAX,4055,1511
MIA,LAS,1396,451
DFW,BNA,2751,912
FAT,DFW,617,260
MIA,IAH,2884,1097
EWR,SEA,1491,437
PDX,SEA,1849,686
BUR,SEA,1011,312
SLC,LAX,5549,2357
SAN,OGG,381,122
BOS,JAX,690,239
ORF,ATL,2673,551
RDU,BOS,1526,527
JFK,MCO,5349,1918
LFT,IAH,2173,752
SHV,ATL,2032,746
PVD,ORD,542,215
DEN,MCO,2901,1193
DFW,DSM,857,330
ATL,FLL,7419,2711
IAH,LAS,2769,1034
FLL,MCO,667,290
SAN,SLC,2266,570
SEA,PDX,1851,741
SBA,SFO,2097,732
BOI,ORD,546,255
BTR,IAH,2321,748
BTV,ORD,537,202
FLL,BWI,3961,1197
SFO,BOI,1403,637
MCO,LAS,941,293
OAK,HOU,632,264
SAT,ELP,804,267
RDU,CLT,2128,817
MKE,PHX,1413,434
BWI,PHX,1603,620
ORF,DFW,631,194
IND,DFW,1593,442
FSD,DFW,357,163
LIH,HNL,5855,2080
SHV,IAH,1473,505
MCO,BOS,2848,1192
GUM,HNL,334,136
ONT,MDW,325,105
DCA,DEN,1321,549
TPA,DTW,2134,671
ASE,ORD,621,261
HNL,OGG,8282,3277
MSY,CLT,1471,533
BOI,DEN,1922,710
MIA,SFO,1022,416
AUS,LAX,2597,912
RNO,DFW,748,276
CLT,ATL,6307,2149
PHX,JFK,2327,921
CLE,LGA,2682,937
MHK,ORD,649,198
TUS,LAX,2633,1144
MRY,LAX,1529,623
ASE,LAX,774,331
DTW,IAH,2010,799
ORD,MKE,4824,1883
SFO,LAS,7995,2978
DFW,PHL,3625,1351
IAD,MIA,809,381
SEA,SFO,6845,2630
OAK,OGG,668,233
IAH,MCO,2610,1262
ORF,ORD,831,371
LAX,CLD,640,203
JNU,KTN,334,79
EWR,IAH,3340,1389
PHX,IAD,335,31
DTW,PHX,2715,926
ABQ,DFW,1797,617
PSP,DFW,724,231
BNA,DFW,2750,805
SEA,LAS,5009,2078
SEA,PHX,5768,2275
FLL,MSP,612,210
RAP,DFW,522,225
BRD,MSP,587,201
TUS,DEN,1879,626
HNL,LIH,5856,2029
TPA,JFK,2550,917
LGA,IAH,2298,727
ATL,SFO,3126,917
BNA,SLC,346,95
CLT,PHX,2842,1215
STL,PHX,2128,727
SFO,LAX,13744,6431
DFW,MCI,2560,941
DFW,LAS,4289,1583
MSP,PIT,481,157
HPN,ORD,1799,597
LBB,IAH,1067,357
ORD,ATL,6391,2452
SGF,ORD,2034,796
COU,ORD,648,232
FLL,DTW,2624,730
RDM,LAX,240,90
HLN,SLC,870,194
SFO,SMF,1623,600
BOS,DEN,2398,1008
FLL,DEN,1216,363
LAS,LAX,9715,4974
SEA,KTN,1320,583
JNU,ANC,1033,390
SEA,DEN,5099,2114
LAX,SMF,5550,2586
OGG,HNL,8313,3765
TPA,ATL,7083,2103
DFW,SJC,1512,501
RDU,ORD,1950,720
SFO,ATL,3127,874
TTN,CVG,3,3
MEM,ORD,2231,753
OKC,ORD,1807,686
FLL,ATL,7411,1912
SLC,IAH,2000,810
LAX,SAN,4611,1817
IAD,ORD,1745,638
BOI,IAH,335,130
FLL,IAH,1849,519
ORD,DSM,3290,1282
BNA,CLT,1292,566
DAL,PHX,1463,633
PIT,LAS,598,138
DFW,IND,1594,554
TPA,ORD,2427,844
FLL,DFW,2709,837
MIA,ATL,5150,1675
EWR,DAY,754,282
ELM,ORD,606,252
SYR,ORD,1623,509
DCA,ORD,5922,2067
ASE,IAH,415,168
PBI,EWR,2571,999
CLT,IAH,3603,1446
IAH,AUS,2035,985
BUF,PHX,333,76
SEA,BUR,1011,432
SLC,SFO,2938,1181
MOB,IAH,1513,494
SJC,OGG,668,276
MSP,MCO,1588,579
DFW,LGA,4521,1811
SUN,SLC,672,139
LWS,SLC,588,97
EWR,MCO,4774,1842
AUS,LAS,1189,357
BUR,LAS,3050,1062
GSP,HOU,320,94
DFW,SFO,4555,1859
DFW,EWR,2501,1053
LIT,IAH,1784,632
TYS,ORD,2092,820
SBP,LAX,1373,629
ASE,DEN,1091,416
DEN,COS,2064,965
OKC,IAH,1055,459
CAE,ORD,596,231
VEL,SLC,206,23
DEN,BZN,867,362
DEN,IAH,4848,2251
SLC,ORD,2651,1025
LGA,CLT,3658,1320
EWR,MIA,2715,924
DEN,SNA,3353,1124
BWI,IAH,1005,389
PVD,CLT,1053,342
SAN,SFO,6942,2650
ABQ,PHX,2470,1223
HOU,HRL,1555,587
ORD,MCO,4416,1926
JFK,SFO,8437,2798
JFK,ORD,1574,641
TUL,ORD,2110,740
DFW,HDN,139,47
IAD,LAX,3606,1301
DFW,MEM,864,283
JAC,DFW,370,102
DFW,BOS,3070,1096
DFW,LAX,6634,2611
SJC,SEA,4025,1463
DFW,SEA,3547,1260
SEA,GEG,3178,1332
DFW,MSP,2574,942
MDW,ATL,4533,1378
JFK,MSP,843,257
EWR,SYR,502,144
SAF,DEN,300,100
PHX,HNL,1137,577
STL,LGA,1636,642
PIA,ORD,2180,750
SAV,IAH,446,152
FLL,ACY,817,384
MCI,SFO,580,234
SLC,PDX,2341,726
YUM,PHX,1877,627
DEN,SAN,3916,1486
IAD,SFO,3620,1121
FCA,DEN,777,242
DEN,SAT,1727,714
LAX,SAT,1539,692
BDL,CLT,1621,510
DEN,PHX,7211,3009
IAD,DEN,3100,1082
SFO,HNL,2067,1029
IAD,TPA,989,384
IAH,PHX,3275,1349
OMA,PHX,1249,411
LAX,HNL,5238,2485
SEA,MCO,439,136
DFW,LBB,718,304
SEA,PSP,840,289
AVL,ORD,715,287
DEN,TUS,1861,811
DTW,DEN,2694,912
LAX,ASE,775,394
LAX,IAH,4242,1965
HDN,DEN,95,47
FAT,LAX,1693,907
IAD,SAN,1138,295
SNA,IAH,1463,455
SYR,CLT,594,171
BWI,STL,1218,430
ELP,DAL,1274,511
PDX,DFW,1834,641
BOS,BWI,4431,1533
JAX,MSP,182,70
ITO,OGG,668,170
LAS,DTW,2931,1007
BWI,LAS,1716,656
ABQ,SFO,334,130
ATL,RSW,3921,1246
MCO,DEN,2882,985
ORD,LAX,7941,3515
EWR,MEM,1020,340
BWI,DEN,1904,719
PHX,PHL,2449,965
DTW,CLT,3086,943
RNO,SAN,669,241
SLC,MDW,777,243
DFW,ATL,7060,2430
LGA,DFW,4520,1422
TUS,DFW,2198,538
DFW,AUS,4672,1717
LAX,OGG,2708,1025
CRW,ORD,577,210
DFW,HSV,280,102
DFW,SLC,2982,1043
HNL,LAX,5244,1552
SAT,IAH,2303,758
SFO,FLL,1245,631
AUS,DAL,3904,1507
ABQ,SAN,615,204
PHX,SJC,3102,1200
DFW,STL,2538,801
BDL,MCO,1667,518
IAD,GSO,63,25
DSM,ORD,3054,1036
LAX,AUS,2614,1065
GJT,PHX,993,331
ATL,ORD,6493,2542
PHX,YUM,1878,677
ATL,LAX,5669,2010
IAD,PIT,228,107
LAX,DEN,5750,2405
BNA,IAH,1304,461
RSW,DCA,815,313
ATL,MDW,4544,1386
BWI,ABQ,511,179
DFW,MSY,2633,925
JFK,FLL,4439,1703
RSW,LGA,765,363
LAX,BOI,675,307
BUR,DEN,1245,414
BWI,CLT,3375,1405
DAL,HOU,6262,2808
PDX,MCI,333,59
STL,ORD,2785,993
BOS,SFO,3889,1554
BOS,LAS,1026,485
SFO,JFK,8440,2701
ATL,MSP,4713,1600
DTW,MKE,1730,496
DTW,TPA,2133,700
LAX,EGE,111,28
MCO,DTW,2634,885
DFW,BTR,2335,1076
RIC,MSP,328,158
LGA,ORD,9639,3154
TUS,SLC,940,197
LBB,DEN,618,238
RDU,IAH,512,188
SBA,LAX,1460,552
DEN,DAL,1480,577
GEG,PHX,922,241
JFK,STT,548,169
CMI,ORD,1784,495
LAX,ELP,915,468
SFO,CEC,190,61
MCO,FLL,668,283
SFO,SBP,1043,331
SFO,SBA,2098,674
MEM,DEN,758,309
DEN,MSY,1552,638
DFW,SAN,3297,1240
SFO,SLC,3249,1296
PIT,DEN,1009,287
SJC,DEN,2102,651
SMF,LAS,2513,969
RNO,ORD,376,133
SEA,FLL,334,133
JFK,AUS,1588,582
ATL,TPA,7076,2627
DFW,JAX,1254,422
BHM,IAH,1590,644
MSO,DEN,567,206
SFO,ASE,202,113
DTW,LAN,441,138
DEN,CLE,1369,440
SMF,SFO,1624,762
SEA,PHL,990,363
ORD,SRQ,319,102
MCO,EWR,4790,1780
PHX,SLC,5485,1792
PHL,DEN,2142,721
PHX,PDX,3102,1113
PHX,SAN,5105,2131
DFW,COS,1081,351
DTW,DFW,2646,954
SEA,SAN,3189,1283
SEA,DTW,1892,699
MSN,DTW,1375,381
CHS,ATL,3197,621
SLC,MSP,1854,512
DTW,ATL,4857,1596
ORD,OKC,1841,794
MSP,IAD,591,192
BNA,DTW,2047,722
ORD,DLH,1102,428
MLI,DEN,187,63
IAH,SDF,726,328
CLT,MDW,636,167
DAL,ELP,1282,572
DCA,TPA,2686,911
SDF,PHX,332,54
PHX,OGG,556,252
SNA,DFW,2877,952
ATL,BOS,4685,1574
ORD,PIT,1921,737
TYS,DEN,286,102
DTW,TUL,225,98
OAK,LGB,1002,288
CVG,IAH,1097,545
IAD,HNL,168,75
ORF,MDW,540,179
DFW,CLE,1568,519
DFW,SNA,2877,1009
FLL,PVD,787,253
ATL,MCO,8202,3129
MSP,ATL,4714,1296
RDU,LGA,1878,806
GRK,DFW,2626,797
CWA,ORD,1394,410
ATL,DEN,4987,1720
ORF,CLT,603,170
LAS,SFO,7870,3134
LAX,ATL,5673,2117
ABQ,MDW,661,223
RDU,DEN,901,307
LAX,KOA,1385,495
IAH,DEN,4513,2037
DFW,SAT,4714,1622
SEA,SMF,3438,1559
SFO,PDX,4197,1429
SJC,PDX,2249,666
JFK,SEA,2094,832
MCI,MSP,1904,686
JFK,DTW,283,115
SAN,MSP,1068,240
CLE,ORD,4127,1347
EVV,ORD,1737,645
DTW,ORD,4274,1649
JFK,DCA,1002,408
DAY,LGA,403,149
ORD,MSP,6361,3045
SFO,PSP,2140,860
IAH,LAX,4432,2441
IAH,MFE,1957,769
SAN,LAX,4619,1866
PDX,CLT,256,80
SAT,DEN,1711,525
SEA,SJC,4029,1669
SEA,OGG,1240,502
DFW,PDX,1832,636
TYS,IAH,774,290
MSP,CVG,458,217
IAH,LFT,2153,750
JAN,IAH,1953,624
ATL,AGS,2361,880
LAS,MSP,2543,794
IAH,ABQ,796,330
IAH,ELP,1544,665
RDU,TTN,278,101
MYR,LGA,668,325
SHV,DEN,314,139
LAS,SLC,3740,1420
MCO,IAD,1658,759
SEA,LAX,7765,3243
LIT,DEN,607,227
MSP,ISN,1063,270
MSP,CLE,688,271
LAX,COS,647,296
IAH,SAT,2312,1078
JFK,RSW,1230,446
MSN,MSP,1277,376
CLT,MSY,1520,570
BUR,OAK,3759,1252
DEN,MDW,2715,947
AMA,DAL,1216,446
RSW,MKE,524,155
TPA,IAH,1778,637
SFO,OGG,1428,644
LAX,LIH,1303,471
MIA,RDU,1016,411
STX,MIA,537,220
MSP,ABQ,213,75
CID,ORD,2704,846
LAS,ORD,4249,1509
MSP,TUL,434,211
LAX,ABQ,1837,933
IAH,ONT,474,235
IAH,CRP,2135,822
GRR,DEN,774,278
IAH,MCI,1628,660
SDF,DEN,523,162
IAH,HNL,334,202
CLT,JFK,2574,1229
TUL,PHX,590,170
MIA,LAX,3024,1220
DFW,PIT,1421,440
MSP,RSW,915,291
SMF,MSP,541,148
DFW,BPT,973,476
SMF,HNL,334,193
CMH,ORD,3264,1110
MSP,DLH,618,162
MSP,FSD,1285,487
BDL,PBI,339,173
PSP,LAX,729,336
DFW,ORD,7870,2931
CLT,MCO,2957,1484
CLT,MEM,690,332
ATL,MSY,5572,1651
BWI,SAN,711,261
LAS,ATL,4113,1243
MCO,MDW,2576,861
RNO,LAS,3218,1168
SMF,SAN,2791,1180
BOS,PBI,1606,745
SMF,LAX,5574,2876
SJC,LAX,6339,3457
MSP,PHX,4052,1373
COS,DEN,2088,725
CLT,DTW,3090,961
OGG,ITO,668,197
PUB,DEN,264,87
JFK,SLC,1839,687
SLC,CLT,617,179
HOU,OKC,1198,501
DFW,IAH,4006,1516
DFW,SMF,1326,433
ORD,LAS,4268,1957
MKE,MSP,2237,816
MSP,SAN,1071,289
MIA,CMH,595,223
RHI,MSP,667,398
MKE,ORD,4826,1909
PDX,TUS,218,68
CDC,SLC,573,180
KTN,WRG,332,127
ATL,MSN,893,219
RSW,ACY,483,218
DSM,DEN,1158,465
MSP,ORD,6296,2707
LAS,PIT,598,197
LAS,SAN,4105,2052
OKC,PHX,657,230
LAX,SFO,13457,5845
CLT,DEN,1902,852
ORD,ANC,639,288
SJC,KOA,193,60
BOS,EWR,4463,1418
MLI,ORD,1615,502
IAD,BOS,2019,659
ORD,BOI,543,339
CLT,DCA,2456,1129
CLT,CLE,1156,366
CLT,TPA,2856,1172
CLT,IND,538,130
ATL,HOU,4071,1174
STL,SAT,619,240
ORD,TUS,606,234
DFW,BWI,1774,739
BLI,LAS,217,53
SLC,EWR,292,86
LGA,DTW,4426,1715
SLC,BZN,1066,311
SLC,OKC,608,226
BOS,FLL,2188,1045
DTW,RSW,1613,556
TPA,BOS,1104,498
BWI,MCI,785,299
ABQ,LAX,1834,740
DFW,OKC,2710,1047
EWR,FLL,3440,1275
LAX,MCO,2417,963
GEG,MSP,770,244
LBB,DFW,717,307
DFW,FSD,356,188
ORD,DFW,7677,2949
PHX,FLG,1660,605
SFO,KOA,694,262
PHX,FLL,673,293
CLT,PIT,2462,993
FLL,BUF,586,185
LAS,ELP,651,322
MDW,ABQ,662,267
HOU,SAT,1299,671
DFW,TUS,2198,727
DCA,MCO,3350,1103
LGA,SAV,443,163
SJC,HNL,556,273
DTW,FLL,2624,862
SLC,FCA,887,205
PHX,GJT,993,373
SLC,BTM,667,158
ORD,SEA,3932,1473
PHX,ABQ,2454,1080
PHX,TUS,1155,470
DEN,JMS,526,185
DEN,AUS,2947,1308
DEN,PIT,1001,387
DEN,MEM,700,319
BOS,ATL,4682,1457
BWI,MCO,3113,1261
MDW,MSY,874,296
PHX,LAS,5499,2195
ORF,MCO,432,117
DEN,BWI,1899,758
PHX,MCO,1284,594
SJC,PHX,3111,1085
DEN,LFT,181,52
DEN,ISN,1158,493
DEN,MKE,2037,868
DEN,FCA,778,380
DEN,IAD,3171,1166
DEN,BOS,2407,920
DEN,FLL,1221,429
ROC,CLT,310,100
LGA,RSW,763,276
IAH,SFO,3439,1590
DEN,TUL,1494,683
ELP,LAX,916,382
ELP,PHX,1451,603
LAX,HOU,1543,828
JFK,TPA,2552,835
ATL,MIA,5149,1747
DFW,GUC,129,47
MIA,EYW,549,165
DEN,FAR,1226,544
DEN,SGF,610,286
DEN,ASE,1089,553
LAX,PSP,724,279
IAH,PSP,292,108
DEN,XNA,366,149
DEN,HSV,145,89
DEN,FSD,1315,591
DAL,MSY,2410,1019
MCO,MCI,907,305
PHX,LIT,334,139
PHX,RDU,259,111
PHX,SAT,1549,675
STL,MDW,2127,764
DCA,DFW,3178,1105
HDN,DFW,139,48
SBN,DTW,1299,454
LAX,SJC,6341,2837
DEN,MOT,1020,400
LAX,MSP,3091,1190
DEN,GRR,695,289
DEN,MSN,716,255
DEN,RAP,589,251
LAS,OAK,3455,1439
OAK,MDW,998,375
SMF,MDW,417,137
HOU,IND,540,259
MIA,JFK,3596,1532
SEA,MCI,489,200
DFW,MOB,964,469
DFW,GGG,643,229
SBP,SFO,1043,322
DEN,BHM,330,164
EWR,IAD,738,268
IAH,BFL,492,187
ATL,MKE,3160,905
DAL,LAX,2473,1359
LAS,PHX,5499,2218
PHX,MSY,398,166
STL,DAL,2120,885
STL,HOU,1226,481
LAS,JFK,3705,1376
SJC,DFW,1511,431
SAN,LIH,199,49
BOS,CHS,338,104
DFW,ROW,973,323
JAN,DFW,2278,1046
ORD,CLE,3937,1528
DEN,DSM,973,430
ROC,ORD,1679,551
DEN,SHV,318,176
MSY,IAH,2681,886
BZN,DEN,865,291
BOS,MCO,2852,1132
SAT,PHL,231,73
ATL,SAT,2864,924
DAL,ABQ,1572,782
LAS,FNT,334,133
LAS,TUS,1099,483
OAK,DEN,1252,600
SAN,LAS,4095,1764
HOU,TPA,967,537
DFW,DCA,3177,1152
COS,DFW,1080,296
SEA,KOA,592,196
IAH,CHS,575,321
ORD,IND,3026,993
DFW,RSW,1166,484
LAX,SLC,5538,2300
IAH,TUL,1805,692
IAH,RDU,492,228
PHX,TPA,998,450
DFW,JFK,558,253
ORD,ELP,578,281
ORD,CMX,667,200
PSP,PHX,1722,753
SFO,EUG,1864,747
IAH,FLL,1848,787
EWR,IND,1224,440
PIT,CLT,2414,661
DEN,LGA,3299,1236
MDW,MCO,2581,905
EWR,EGE,111,51
DFW,OGG,504,326
MSY,DFW,2634,788
BOI,MSP,703,209
SDF,IAH,413,188
SAN,HNL,639,344
IAH,BZN,21,14
LAX,JFK,12015,3972
MKE,ATL,3156,776
RSW,ATL,3915,927
AGS,ATL,2360,1004
BWI,LAX,1115,508
FLL,ISP,566,209
JAX,ATL,5096,1480
MEM,MCO,383,126
MSY,MDW,863,316
OKC,HOU,1229,462
STL,DFW,2536,840
ORD,RSW,1827,721
ABQ,MSP,215,72
FLL,CVG,492,147
ORD,BNA,3577,1406
ORD,ABQ,550,237
CHS,JFK,1201,485
HOU,CRP,1250,556
MCI,DAL,2163,814
MCO,MHT,700,249
OAK,ONT,2144,934
OAK,SAN,3540,1625
SFO,DFW,4555,1788
LAS,PDX,2582,884
ATL,SAN,2047,504
ELP,IAH,1594,510
SFO,MCI,576,289
SEA,OMA,335,133
FNT,ORD,1860,575
SFO,ORD,7380,2842
TVC,ORD,1784,534
OAK,BOI,659,282
OAK,MCI,296,134
TPA,CMH,680,245
PHX,SMF,3160,1290
SAT,DFW,4715,1194
TUL,DFW,2629,794
ORD,BMI,959,259
SFO,OKC,333,196
BOS,SEA,1494,662
SFO,TUS,654,356
HRL,IAH,1199,289
JAX,BOS,689,244
ATL,CID,883,386
SFO,BUR,1581,527
LAS,SEA,5028,1693
OAK,LAS,3493,1376
PHL,BNA,630,209
PHX,RNO,1718,624
ORD,AUS,2239,947
SAN,DFW,3299,956
ATL,TUS,617,152
ATL,PHX,3651,1128
ATL,BMI,877,465
ORD,COU,648,265
ORD,BIS,333,114
LAX,SBP,1372,461
SFO,ABQ,334,174
CRP,IAH,2140,653
FLL,ALB,346,76
SAN,MCO,505,244
SJC,LAS,2802,1155
DFW,HNL,697,435
ABQ,IAH,861,293
SFO,SUN,170,74
LAX,OAK,6288,2821
ORD,SPI,997,386
SFO,SAT,359,155
SFO,AUS,2034,771
PHX,CLT,2808,1254
BWI,SAT,790,298
TPA,AUS,337,78
OAK,SEA,3221,1401
PDX,LAS,2566,896
EWR,LAX,4603,1837
LAS,MIA,1395,589
SFO,DTW,1308,409
DFW,DTW,2648,998
ATL,AVL,1858,612
DFW,CRP,1496,751
ORD,SDF,1016,356
DFW,GRK,2625,925
ORD,CHA,381,107
SLC,CDC,573,337
JAX,ORD,589,265
TUL,DTW,224,85
DEN,LBB,617,326
BOS,CLT,3590,1400
DAL,AUS,3896,1871
JAX,BNA,911,323
MDW,MCI,2474,951
TUS,SAN,918,327
DEN,BIL,1106,428
TTN,RSW,166,45
DFW,JAN,2280,1119
DEN,SGU,586,236
SLC,PIH,654,217
DEN,SUN,115,72
LAS,BUR,3080,1220
TPA,BDL,959,391
OAK,SLC,2116,682
SFO,BOS,3907,1340
SEA,JNU,1326,561
EWR,PBI,2571,1006
MIA,DTW,1199,391
DFW,SHV,2280,962
LIH,OGG,1321,578
MSN,DFW,940,355
DEN,EUG,630,275
PHX,SBA,1027,353
ATW,ORD,1434,583
SLC,COD,340,106
SLC,PSP,747,181
BOS,IAH,1678,623
KOA,OGG,857,276
PHX,ONT,2978,1442
MDW,LAS,2748,1048
SFO,MKE,380,117
DEN,ORD,5567,2465
DEN,LAS,6269,2423
DEN,GEG,1339,545
MCO,DFW,3825,1290
AMA,IAH,899,321
DEN,SMF,2398,889
SLC,GCC,334,74
DEN,SEA,5139,2177
BUF,MCO,1525,374
CLT,MSP,2129,763
CLT,PBI,1617,629
DEN,EGE,6,6
PVD,BWI,2517,782
SAN,OAK,3552,1357
SAT,HOU,1285,489
DEN,ANC,418,216
PHX,SNA,3842,1481
MSP,SEA,2549,1040
GGG,DFW,643,268
CLL,DFW,1604,470
SAV,ORD,874,342
GJT,IAH,259,104
SLC,IDA,1323,311
DEN,IDA,905,414
DEN,RNO,1373,481
CMH,IAH,937,349
EYW,MIA,549,168
DEN,PSC,702,359
DAL,MAF,1516,626
FLL,MCI,327,65
LAX,LAS,9594,4195
TPA,BUF,561,203
IAH,DFW,3950,1401
ORD,CMH,3442,1247
CID,DFW,1027,424
DEN,PSP,989,405
MSP,BNA,1076,387
DEN,SFO,5365,2321
TPA,LGA,1947,800
SFO,PHL,2090,669
DEN,HNL,334,205
PHX,LIH,343,162
LAX,PIT,254,123
CLT,BOS,3590,1675
CLT,MCI,1243,512
HOU,DCA,1253,501
JAX,BWI,1109,317
LGA,HOU,927,265
SEA,ABQ,408,73
SFO,SAN,6917,2426
DEN,OGG,173,85
MFE,DFW,1454,407
ANC,JNU,1034,376
MSP,IAH,1747,830
MSP,AUS,195,66
LGA,TYS,73,44
MHK,DFW,985,311
ACY,MCO,794,325
MSP,GRB,1055,326
FLG,PHX,1660,665
SLC,BWI,992,270
PHX,KOA,288,141
PHL,ORD,4759,1749
BWI,MKE,858,329
DEN,KOA,86,40
LAX,BNA,1642,705
SEA,SAT,334,140
BOS,TPA,1102,429
IAD,MCO,1666,697
SFO,DAL,1318,620
ATL,LAS,4099,1354
BWI,SLC,992,328
OAK,AUS,336,160
ABQ,LAS,1265,440
ABQ,PDX,229,65
MSP,DFW,2575,925
DFW,EGE,434,187
SEA,STL,483,188
ORD,DTW,4301,1686
LGA,MYR,667,357
MSP,HIB,568,169
EWR,SFO,5029,1869
ORD,STC,82,48
TPA,CLT,2899,1012
CLT,STT,363,185
MSY,PHL,361,132
MDW,DEN,2720,994
MKE,FLL,378,68
PHX,BUR,1884,764
DEN,LIH,41,22
IAH,HDN,194,53
IAH,MTJ,171,66
MIA,DFW,3672,1294
SEA,AUS,461,225
ORD,TUL,2071,777
IAH,TUS,1153,479
MSY,MIA,622,186
IAH,IAD,1312,504
BWI,MDW,1976,742
LAX,DAL,2468,1188
PHX,OMA,1258,456
TPA,FNT,232,90
MCO,MIA,3034,1185
LIH,PDX,102,20
CHS,ORD,949,424
GSO,DFW,517,215
CAE,DFW,965,461
SLC,MFR,653,120
LGA,DAL,2563,746
OAK,LAX,6281,3395
PHX,HOU,1396,687
SLC,LAS,3731,1258
ATL,DFW,7056,2109
LAX,ORD,8256,2995
PBI,DTW,363,146
SFO,MIA,1022,399
ORD,JAN,578,218
ORD,GRB,2767,926
ORD,FSD,2042,893
DFW,MKE,1011,307
ORD,ICT,2190,993
ORD,SAT,1036,542
PBI,CLT,1616,553
BOS,DCA,7687,2530
MCO,BHM,658,192
MDW,MSP,2979,1297
OAK,BUR,3734,1474
RSW,ORD,1827,733
PHX,SEA,5770,2032
OGG,SMF,334,53
SLC,HNL,324,87
LAX,TPA,604,299
EWR,MCI,659,241
DTW,GRB,656,194
MEM,DFW,865,283
BMI,ORD,958,249
DTW,APN,573,129
EWR,DTW,2173,636
IAH,CLT,3469,1378
PBI,DCA,978,391
MCO,CLT,2957,1081
DCA,STL,973,252
DSM,LAS,334,106
EWR,AUS,925,295
EWR,MDW,1822,571
MHT,BWI,2221,635
SAT,DAL,3059,1193
ORD,SFO,7378,3217
JFK,PBI,1913,767
ORD,ASE,620,332
JFK,SYR,1016,428
CLE,DEN,1239,401
PHX,EWR,2106,695
LAS,SAT,1279,545
SAN,DEN,4189,1371
SAT,ATL,2865,778
DFW,PSP,723,304
OGG,PDX,580,141
MOB,DFW,964,431
ATL,BTR,2512,1058
ORD,LIT,2031,835
MCO,PVD,2032,860
ATL,GNV,2088,899
DEN,SBA,649,319
DEN,CLT,1902,729
BUR,PHX,1893,633
LAX,TUS,2635,1247
SAN,SMF,2792,1089
ORD,ROC,1656,500
EYW,ATL,1423,338
DTW,MCO,2635,1009
ATL,CRW,1314,494
ATL,CAE,2685,973
ATL,GPT,1414,399
MAF,HOU,1121,331
MDW,DAL,1991,694
ONT,LAS,1372,550
MIA,STX,536,257
DFW,RAP,522,208
ORD,MCI,2201,966
IAD,STL,9,8
COS,LAX,644,308
EWR,MKE,1090,399
AUS,HRL,326,136
BWI,BUF,1803,845
DAL,MDW,1980,774
DEN,HOU,1762,733
SNA,LAS,2412,930
ONT,OAK,2127,819
RNO,PHX,1723,564
ONT,DFW,1441,427
EGE,DFW,433,139
BOS,DTW,3423,1088
BTV,DTW,522,237
LGA,CHO,395,153
GJT,DFW,852,238
GRR,DFW,772,318
BOS,PHL,5313,1606
DCA,ATL,6461,1856
MCO,IND,1283,474
DTW,BWI,2412,712
LGA,MSP,2144,755
HPN,ATL,1877,916
FWA,DFW,647,188
DFW,GCK,662,249
IAH,ATL,3938,1427
DEN,CID,672,293
DTW,PLN,752,248
ORD,SAN,2673,1090
MCO,ORD,4427,1845
DAL,BWI,1094,429
DAL,SAT,3031,1409
MCO,DAL,1017,225
PIT,PHX,977,274
SAN,BNA,388,136
SFO,STL,884,425
SNA,DAL,529,198
MKE,DTW,1730,570
ACY,FLL,817,307
ASE,ATL,101,32
LAX,SMX,248,66
JAC,EWR,40,30
SFO,FAT,871,349
DEN,OMA,2041,942
TUL,ATL,1518,523
DTW,DSM,221,79
SNA,PHX,3846,1395
BUR,SJC,2120,660
DAL,LGA,2571,1242
EWR,HOU,870,221
MCI,PHX,1827,670
HOU,LGA,937,433
OKC,DEN,1754,631
DFW,ORF,631,241
BDL,DTW,1364,308
ORD,LNK,1166,508
DFW,GRR,770,382
BFL,IAH,492,160
DAL,DCA,2521,954
DEN,DTW,2682,1056
ABQ,OAK,799,241
PHX,OKC,657,365
HOU,GSP,321,186
HDN,ATL,95,31
GRB,DTW,653,165
MSY,DEN,1584,584
CMH,JFK,568,198
ASE,DFW,335,162
EUG,SFO,1863,605
LAX,ICT,58,37
DEN,EWR,2609,1090
CMH,PHX,1054,364
LAS,DSM,334,120
LAS,ONT,1372,720
LAS,RNO,3216,1170
PHX,AUS,1581,713
IAH,ORD,4294,1971
LAX,MIA,3023,1408
DTW,SFO,1309,421
DFW,MEI,573,249
IAH,RIC,519,283
IAH,XNA,1077,466
IAH,BTR,2320,801
ORD,IAD,1940,766
TTN,MSP,157,101
OGG,OAK,668,190
CRP,DFW,1497,666
IAH,TPA,1767,794
OGG,KOA,814,336
COD,SLC,340,172
FLL,STT,311,138
JAC,ORD,260,90
MDW,SAT,696,316
PHL,MDW,1892,627
JFK,BOS,5040,1936
EGE,MIA,126,61
AUS,JFK,1589,497
PBI,BDL,339,194
XNA,DFW,2224,975
LAX,SBA,1459,508
BZN,ORD,249,80
IAH,LIT,1772,674
LAX,FAT,2017,986
ORD,SLC,2600,1148
DEN,LAR,581,133
IAH,MEM,1733,798
LAS,BHM,334,149
LAX,MDW,1864,831
MAF,DAL,1522,607
MCI,SAN,481,163
MCO,MSY,1152,386
SFO,IAD,3478,1099
LAX,SEA,7732,2929
MCO,AUS,999,297
DFW,ASE,335,164
DEN,SLC,5859,2294
IAH,GRR,322,165
COS,ORD,934,407
IAH,TYS,776,329
LAS,IAH,2788,1011
IAD,MSP,591,165
LGB,SLC,1952,528
CLT,LGA,3610,1736
BWI,MHT,2211,993
HOU,BOS,928,407
LAS,SJC,2792,1154
RDU,MDW,1069,300
HOU,PHX,1388,488
DFW,MFE,1450,474
CLE,DFW,1569,538
MIA,BOS,2319,1056
DFW,PBI,848,369
RSW,JFK,1229,480
OGG,LIH,1321,680
DFW,VPS,1760,789
FSD,DEN,1333,563
LAX,EWR,4618,1505
CLT,PHL,3393,1542
CMH,MDW,1840,608
SFO,LGB,999,339
ORD,DAY,2643,927
SGF,DFW,2221,839
ORD,RIC,2141,826
ORD,CMI,1783,493
TYR,DFW,1612,648
HIB,MSP,569,187
GTF,DEN,774,237
ORD,AVL,715,318
ROC,MSP,123,30
ORD,BHM,1014,476
LAX,RNO,1913,874
SJC,SNA,2710,1062
TUL,LAS,334,130
TUS,ORD,607,170
ISN,DEN,1158,371
LEX,ATL,2280,707
CLE,MSP,758,274
CMH,DEN,892,330
ORD,MBS,1190,412
TUL,IAH,1800,552
XNA,IAH,1074,382
CMX,ORD,668,202
JMS,DVL,526,161
SGU,DEN,586,221
BUF,TPA,558,107
PVD,MDW,890,251
OAK,SNA,2471,1011
LAX,PDX,3278,958
BOS,MSY,334,133
ATL,DCA,6466,2273
MSP,DEN,5508,1905
ORD,SAV,864,381
ORD,CWA,1394,541
MCO,ILG,64,41
OGG,SJC,668,190
GRB,ORD,2767,1042
BIL,DEN,1104,294
MFR,SLC,653,112
SFO,SEA,6932,2663
SNA,ORD,2167,653
BDL,MDW,882,291
CMH,TPA,678,159
MDW,BUF,966,378
SMF,PDX,1578,578
OKC,DAL,923,314
DFW,TUL,2627,923
ELP,ORD,576,178
IAH,CAE,286,103
GCC,DEN,634,160
FAR,DEN,1226,421
BWI,RSW,1224,502
DAL,MCO,1014,430
PIT,DFW,1422,369
LGA,SRQ,432,195
CHS,DFW,252,119
ORD,GRR,2990,1113
GEG,SLC,1202,314
IAH,MOB,1511,601
GEG,DEN,1343,375
MCO,MSP,1586,542
SUN,DEN,115,48
MOT,DEN,1020,282
ORD,HPN,1800,530
BZN,IAH,21,14
CAK,RSW,198,50
DAL,STL,2104,960
RDU,BNA,997,308
SEA,OAK,3235,1472
DFW,LCH,782,319
ATL,ABE,904,360
DFW,DRO,798,287
ORD,SYR,1641,607
ORD,ALO,618,211
PHX,MCI,1825,832
OKC,SLC,607,146
BWI,BOS,4412,1840
LAS,AUS,1200,531
SAN,ATL,2045,438
SAN,MCI,479,215
SAT,PHX,1537,533
HOU,MDW,2087,770
DFW,DAY,933,319
DFW,RIC,806,248
LIT,DFW,1323,621
SEA,FAT,883,377
SAT,LAX,1556,611
APN,DTW,573,142
SMF,ORD,530,165
DCA,CLT,2502,995
IND,ATL,3816,1102
LAS,MKE,1099,399
AMA,LAS,334,75
ORD,MIA,4166,1593
PDX,LAX,3279,1151
DTW,MSP,2645,957
ATL,CLT,6306,2068
SLC,JAC,948,249
DFW,PNS,1155,509
DFW,CVG,2102,989
SAF,LAX,230,112
SLC,GJT,617,162
AUS,SFO,2051,750
ORD,PHL,4744,1734
MSP,CLT,2130,634
DEN,STL,1842,794
ISP,TPA,490,112
LAS,BOI,655,308
LAS,MDW,2722,1014
LAX,MSY,1859,700
ALB,LAS,274,80
MCI,CLT,1242,461
EWR,BNA,1948,705
MIA,CHS,254,105
ORD,MDT,1594,605
DFW,SAV,727,325
SLC,TWF,815,337
SLC,BOI,1579,467
SYR,JFK,1015,295
JAC,IAH,102,27
HNL,PHX,1137,436
ORD,CLT,4755,1750
JAX,CLT,2085,720
HRL,HOU,1554,462
SLC,OAK,2105,679
SLC,JFK,1839,685
EWR,XNA,229,69
SAV,ATL,3140,840
TUS,PDX,218,39
SGF,DEN,572,219
TPA,IAD,992,322
SMX,LAX,249,108
EWR,ATL,5097,1315
CVG,DEN,882,406
EWR,ORD,3706,1439
LIH,LAX,1304,317
DAL,AMA,1216,493
ISP,MCO,1060,302
LAS,SNA,2417,1025
SMF,ONT,2044,773
SFO,MCO,797,324
KOA,LAX,1385,424
DFW,ABQ,1796,602
MIA,STL,601,300
CAE,ATL,2684,821
CLE,MCO,1382,507
CHA,ORD,381,160
LGA,SDF,297,176
ATL,RIC,3572,1130
HSV,ORD,592,220
AUS,DEN,2852,1070
OMA,ORD,2004,746
PBI,PHL,1109,484
AUS,FLL,789,349
BUF,MDW,958,341
IND,RSW,753,230
OGG,PHX,556,116
MIA,IAD,809,398
ATL,ORF,2672,735
DFW,LFT,1616,690
DFW,CHS,251,135
TYS,LGA,73,46
ROC,LGA,189,67
OGG,LAX,2711,866
FLL,PHL,1915,736
LAX,PHL,1886,676
LAS,GEG,648,236
LAS,SMF,2489,1013
MCO,BUF,1521,601
MHT,MDW,866,226
SJC,ONT,1303,529
SEA,ORD,3950,1372
LCH,IAH,1078,211
DEN,TYS,285,141
DFW,HOU,1571,662
ORD,STL,2566,996
ORD,AZO,1326,350
RNO,LAX,1901,993
ICT,ORD,2097,808
EGE,EWR,111,46
DEN,MAF,1087,442
MDW,FLL,1159,454
MSY,STL,571,166
PHX,MDW,2256,857
PIT,MCO,1473,394
SJC,MDW,334,130
DFW,ELP,1359,470
LGA,PBI,2904,1152
CHO,LGA,396,161
DFW,AMA,1202,523
DFW,LIT,1322,668
JAX,IAD,13,5
EWR,MSN,326,120
AUS,ELP,868,288
BWI,BDL,2199,1065
DCA,HOU,1262,273
HOU,TUL,923,381
MCI,BOS,596,267
MCO,PHL,4867,2106
MSY,PHX,394,137
SFO,MDW,768,235
HOU,MSY,3049,1198
TPA,DFW,2500,806
DEN,ATL,5082,1795
DFW,GSO,515,286
GCK,DFW,663,226
FWA,ORD,2265,776
SAV,IAD,87,35
SUN,SFO,169,67
DEN,BIS,1285,540
TPA,PHL,2382,934
BNA,PHX,733,229
MCI,STL,1205,362
SNA,HOU,388,167
AUS,DFW,4674,1301
OGG,BLI,89,18
STL,IAD,9,3
DFW,GSP,484,223
DFW,CAE,965,499
DVL,DEN,240,75
HDN,IAH,194,54
JFK,ROC,1102,412
EWR,TPA,2110,778
CLT,BDL,1621,685
CLT,RSW,1726,699
AUS,HOU,1324,552
DCA,BNA,986,293
MCI,TPA,491,176
MCO,PIT,1464,612
MTJ,IAH,171,43
STT,JFK,548,166
IAH,AMA,899,298
CLT,IAD,16,11
DFW,CID,1027,464
GRI,DFW,634,164
FCA,SLC,886,166
DEN,ICT,840,357
EGE,IAH,135,55
IAH,LBB,1067,394
IAH,GRK,811,242
BNA,STL,627,212
BUF,BWI,1808,565
HOU,DFW,1569,606
DEN,MCI,2101,890
DEN,BNA,2074,866
MKE,DFW,1010,321
CVG,DFW,2097,752
SFO,ACV,1319,540
TUS,PHX,1155,375
PHX,PSP,1722,751
MCO,ACY,794,341
CLT,MIA,2983,1288
DAL,SFO,1319,666
AUS,TPA,338,157
BOS,JFK,5044,1868
LGA,DEN,3285,1182
DFW,MLU,958,406
MEI,PIB,573,193
DFW,MSN,939,420
ORD,SUX,620,193
MCI,ORD,2132,833
BWI,OKC,334,160
DAL,FLL,859,412
LAX,STL,1468,572
LBB,DAL,1572,490
LGA,STL,1636,604
ATL,DTW,4861,1752
EWR,MSP,1314,448
ORD,CAE,595,313
ORD,XNA,2597,1114
PHX,FAT,471,179
HNL,GUM,334,198
DAL,LBB,1572,620
MDW,AUS,881,362
MDW,BNA,2100,796
MKE,TPA,611,168
PHL,TPA,2425,871
GUC,DFW,129,48
DFW,CHA,641,321
LRD,DFW,1281,407
EWR,LAS,1707,538
XNA,ORD,2598,985
RSW,TTN,166,66
VPS,IAH,901,277
PNS,IAH,1419,477
ATL,SDF,2740,781
LAS,DAL,1435,578
MCO,SYR,335,154
FLL,ORH,334,116
ATL,CAK,2043,590
HNL,SMF,334,189
DFW,ACT,1611,646
MSP,LAS,2545,878
SEA,BOS,1496,638
MCO,DCA,3349,1200
IAH,PHL,2178,825
ATL,MCI,3478,1078
ATL,STL,3525,1115
DAL,TUL,939,504
HOU,DAL,6296,2749
LAS,MAF,557,263
MCO,SAT,496,164
OAK,ABQ,796,370
DFW,CMH,1511,456
ATL,PIT,3255,899
ATL,GRR,1291,337
ORD,MSN,3185,1075
PAH,ORD,666,195
SLC,SMF,1480,423
GRR,ORD,2820,953
FNT,LAS,334,91
IND,TPA,906,282
MCO,ATL,8202,2436
PHX,STL,2121,790
TUS,LAS,1104,353
DRO,DFW,798,293
ALO,ORD,617,172
DFW,XNA,2222,1092
IAH,DTW,1918,940
FLL,STL,488,109
SNA,SFO,4313,1864
OMA,DEN,2083,767
DFW,IAD,1303,477
SLC,PHL,616,181
LCH,DFW,782,282
DEN,ELP,921,432
JFK,CLE,304,80
JFK,CVG,334,109
DEN,BOI,1947,769
ATL,JAX,5106,1918
DEN,AMA,563,299
JAX,IAH,617,248
SGU,SLC,1191,326
ORD,SBN,1145,513
DAL,LIT,1018,499
LAS,BNA,885,352
SAN,AUS,637,243
DFW,MGM,969,454
SAN,IAH,1701,607
SLC,BNA,346,111
RSW,MSP,915,312
LAS,FLL,1033,617
MCO,BNA,1412,489
LAX,FLL,1747,1029
MCO,SWF,334,113
DTW,SEA,1894,697
MSP,JFK,820,233
DFW,MHK,985,357
IAH,BRO,1303,422
VPS,DFW,1759,750
DFW,PIA,929,370
DSM,DFW,859,285
DTW,LAX,2003,708
MSP,SBN,553,189
BDL,ATL,2341,583
STT,EWR,239,94
SEA,ONT,898,247
DFW,JLN,666,258
SFO,ANC,162,75
GPT,IAH,1257,361
DEN,JAC,950,412
BOS,BNA,628,178
CRP,HOU,1249,364
LAS,HOU,1407,563
LAS,LIT,334,126
RDU,TPA,869,296
SAT,TPA,326,141
TPA,BHM,629,221
ONT,SMF,2024,748
RIC,FLL,334,111
HPN,PBI,1036,465
MSP,JAX,184,57
DTW,OKC,327,109
BHM,DEN,330,127
CLE,CLT,1157,309
DCA,MCI,637,172
HOU,CLT,379,197
ISP,PBI,697,251
MCO,SAN,505,130
MDW,BOS,1385,662
STL,ATL,3520,920
IAH,HSV,885,334
IAH,IND,979,400
IAH,BNA,1042,459
SGF,ATL,1294,503
XNA,ATL,1575,578
DEN,SJC,2122,798
EWR,STL,1806,669
AUS,LGB,475,200
STT,PHL,226,87
HOU,AUS,1313,648
HOU,MCO,1399,717
MSP,ANC,575,260
PIB,DFW,239,118
MSP,TPA,1070,333
DTW,MCI,1420,487
DEN,PUB,264,65
SAT,SFO,365,146
DEN,BMI,3,2
AUS,EWR,943,314
PIT,ORD,1785,626
DEN,LNK,762,323
PHL,MCO,4869,1909
MSY,AUS,344,122
SAN,DAL,714,276
SJC,SAN,3021,1413
ELP,DFW,1359,433
LGA,TPA,1945,669
LFT,DFW,1617,593
DEN,OKC,1804,746
EVV,DFW,360,123
ORD,OMA,2036,793
MSP,STL,2273,792
DEN,IND,1892,767
IAH,MSY,2758,1145
BNA,MSY,1037,324
LAS,STL,1424,501
ABQ,SEA,408,74
RSW,MDW,1176,353
SAN,SJC,3022,1313
MSP,RIC,328,195
SPI,DFW,589,185
MBS,ORD,1192,345
PHL,PBI,1110,468
FLL,CMH,312,102
MCO,ROC,395,126
PHX,OAK,2512,975
HOU,MAF,1130,454
PNS,DFW,1156,436
DFW,BIS,334,145
GRR,IAH,293,127
IAH,BOS,1675,646
PHX,MIA,618,289
SFO,SNA,4314,1503
PHL,LAX,1886,724
PHL,BOS,5317,1970
BDL,BWI,2217,618
BOS,MKE,601,235
BWI,IND,1028,470
DCA,MSY,706,192
PHX,BWI,1603,624
SFO,RDU,521,166
RSW,DFW,1165,404
RSW,BDL,400,154
ATL,CMH,3277,992
ORD,LEX,2014,686
AMA,DFW,1202,456
ACT,DFW,1612,466
GRK,IAH,810,227
BNA,DEN,2008,634
PHL,MSY,359,114
ATL,RDU,4717,1412
DCA,MDW,2906,799
DEN,ABQ,1660,687
ANC,SFO,172,73
DTW,CID,725,222
ORD,FWA,2261,712
ELP,DEN,872,281
PHL,PIT,883,334
STL,MCO,1529,516
TPA,FLL,1899,642
BOS,LGB,276,124
ATL,CVG,2376,720
MLU,DFW,959,334
DFW,TYS,1626,925
BMI,DFW,652,209
MSP,RHI,667,180
MSP,MKE,2204,655
RIC,ATL,3572,954
ILG,MCO,66,31
CLT,FLL,2435,972
DAL,BHM,684,336
MCI,ABQ,315,132
PIT,TPA,848,208
TUL,HOU,929,358
JFK,DFW,559,150
ATL,JFK,1910,770
LGA,CHS,149,51
ORD,CVG,4011,1573
DFW,LAW,1330,469
CLT,RDU,2127,852
PHL,SAN,794,251
PHL,ATL,6621,2191
ORD,FLL,2531,926
BDL,FLL,945,296
EWR,CLE,1593,583
DFW,SAF,973,312
LAX,MRY,1529,569
PHX,DRO,699,186
PHL,SFO,2072,698
BHM,DAL,686,193
BWI,CMH,1414,588
BWI,DAY,695,292
CAK,LGA,500,187
MAF,LAS,559,176
SAN,SAT,626,271
OMA,MDW,1677,525
DFW,OMA,1362,455
PHL,MIA,2661,1220
HNL,JFK,314,158
IND,ORD,3075,1019
DFW,SGF,2222,938
JFK,BUF,2461,873
CLT,BUF,1206,521
RDU,BWI,1952,759
SMF,SEA,3424,1378
MSY,ATL,5593,1725
AUS,BNA,635,210
BOS,MDW,1391,503
BUF,LAS,545,122
BWI,TPA,2177,865
DAL,ATL,2872,975
STL,MIA,601,283
CRW,DFW,146,90
HSV,DFW,279,100
MIA,PNS,496,199
TPA,EWR,2101,826
AUS,LBB,320,103
BWI,ATL,5837,1903
DEN,PDX,3436,1222
LIT,BWI,320,126
MDW,DCA,2895,885
RSW,BWI,1218,447
SNA,OAK,2485,903
TPA,MDW,1461,499
SUX,ORD,620,189
LEX,IAH,309,134
KTN,SIT,334,116
RDU,LAX,803,294
BNA,HOU,1225,455
RSW,IND,748,244
CMH,DFW,1511,412
CRW,IAH,283,142
DEN,TPA,1588,698
JFK,SAN,1710,586
XNA,EWR,228,123
SFO,MFR,1296,507
EWR,OMA,579,200
BWI,ALB,1704,785
DAL,SAN,719,315
MDW,BHM,631,234
MDW,OMA,1693,751
MKE,LGA,1210,409
SLC,BIL,1061,300
GSO,EWR,862,283
IAD,RSW,88,31
DEN,DCA,1319,505
DFW,AEX,987,401
SFO,RNO,1606,645
ORD,LAN,876,308
MSY,LAX,1850,573
RSW,STL,546,177
DFW,TXK,976,352
DFW,GPT,933,421
IAD,BNA,31,21
MHT,ORD,488,175
BOS,SAN,964,311
IAD,SMF,239,113
DAL,DEN,1502,534
LAS,LBB,334,201
PHX,ELP,1450,682
TPA,PHX,997,339
TPA,STL,730,235
MSY,BOS,334,139
LGB,SFO,998,457
IAD,MCI,6,5
IAD,GRR,4,3
JFK,BNA,334,112
JLN,DFW,666,260
DFW,SPS,1233,412
ORD,DCA,5924,2209
SLC,RKS,30,4
AEX,IAH,926,253
RIC,EWR,1015,365
CID,DEN,812,294
BWI,DAL,1090,427
DCA,MKE,974,232
GEG,BOI,576,175
MCO,MEM,383,138
SAT,SAN,628,197
BOS,PDX,491,164
SLC,SAT,556,182
SLC,MCO,1239,437
DFW,BRO,1061,374
DFW,CLL,1604,516
MDT,ORD,1592,462
SLC,TUL,288,97
SLC,SGU,1192,593
BRO,IAH,1303,328
IAD,CMH,36,18
IAD,TUL,5,4
OGG,ORD,114,62
FLL,PHX,675,183
BOI,GEG,590,197
PIT,HOU,332,103
TPA,IND,911,340
BHM,DFW,614,248
ORD,SGF,1997,777
PHL,AUS,268,98
RSW,CLT,1726,582
MCO,BWI,3120,1140
MDW,EWR,1804,744
SAT,STL,611,199
TPA,BNA,1215,419
PHL,STL,610,206
BOS,SJC,207,91
ORD,EVV,1736,493
IAD,BDL,171,65
IAD,OKC,5,4
FLL,CLT,2435,701
DCA,AUS,334,112
DEN,DAY,488,245
LAX,MCI,1000,453
MCO,RDU,978,336
MCO,STL,1529,537
MDW,DTW,2815,1036
BWI,SEA,695,251
IAD,DTW,697,224
IAD,LGA,205,81
MGM,DFW,969,339
ORD,PIA,2177,686
LIT,ATL,1976,460
MAF,DEN,1088,308
FLL,DAL,860,197
LGA,MKE,1214,411
MCO,HOU,1421,374
ABQ,DEN,1593,570
TPA,MKE,621,229
PBI,DFW,848,231
SRQ,LGA,433,235
DEN,CVG,970,567
IAD,FLL,84,47
DFW,LRD,1281,495
DFW,CMI,332,123
DFW,FSM,1298,555
DCA,IAH,2039,705
IAD,PDX,242,93
LGA,BNA,2391,908
DAY,DFW,933,265
JFK,EGE,110,47
PIT,ATL,3251,753
SLC,MSY,305,104
SBN,ORD,1144,485
SAF,DFW,974,352
MLI,DFW,940,347
SAV,DFW,727,318
CHO,ORD,869,315
ORD,COS,935,547
BIS,DEN,1284,413
DEN,SDF,595,260
FNT,BWI,538,136
HNL,ATL,333,122
IAH,DAL,481,190
IAH,BOI,331,157
BOS,RSW,1634,637
ICT,DEN,889,340
ATL,EWR,5091,1606
IAH,OKC,990,389
STT,CLT,363,120
AUS,ATL,3163,1038
LAS,BUF,545,185
DFW,JAC,370,131
DFW,ONT,1441,519
IAH,SEA,2216,876
IAD,ORF,81,31
LGA,GSO,1295,531
RHI,IMT,287,62
JAC,DEN,1084,343
IAD,SEA,1071,320
DSM,IAH,511,225
LGB,SMF,661,235
PHL,IND,421,136
DAL,MCI,2167,1166
DEN,JAX,339,166
DEN,RDU,903,409
MDW,TUL,334,141
MKE,DCA,973,245
STL,OMA,919,293
TPA,MSY,972,303
HOU,LAS,1424,395
HNL,DFW,697,220
LGA,MCO,3913,1532
JFK,SAT,263,76
IAH,SAN,2033,824
PHL,SAT,231,79
PHX,BOI,1089,413
DEN,BDL,346,149
RDU,HOU,509,172
SNA,SJC,2705,984
TPA,RDU,870,263
PNS,MIA,496,202
AMA,DEN,563,216
PHL,RSW,960,390
BWI,FLL,3972,1671
MCO,ORF,432,173
MSY,HOU,3052,890
RIC,DFW,806,264
ATL,CHS,3197,861
PHX,BFL,875,357
CVG,MIA,609,246
CLT,LAS,1553,614
PHL,SEA,990,332
BNA,MCO,1426,567
DCA,IND,718,197
HOU,ATL,4071,1530
IAD,LAS,1177,446
MCO,GRR,306,103
MSY,DAL,2408,735
ABQ,BWI,511,190
ONT,SJC,1329,506
TTN,IND,2,2
GSP,DFW,484,172
HSV,IAH,895,279
PHL,LAS,2148,805
CLT,ROC,310,109
BHM,BWI,590,250
BNA,MDW,2084,761
BWI,LIT,319,135
BWI,RDU,1952,889
GEG,OAK,644,213
SAN,TUS,921,441
MSY,JFK,1115,364
CHA,DFW,640,235
TUL,DEN,1461,469
DSM,MDW,643,182
CLT,SAN,717,258
BNA,LAX,1637,576
SAN,PDX,1692,472
ATL,SEA,2673,763
PBI,HPN,1042,471
ORD,CID,2843,1010
TXK,DFW,978,327
ICT,LAX,58,20
PHL,RDU,854,337
AUS,PHX,1580,527
BHM,MCO,660,245
BWI,DTW,2418,873
IND,MCO,1289,374
SNA,SMF,2132,807
STL,TTN,3,2
DFW,TYR,1611,681
SPS,DFW,1234,412
EWR,PDX,324,158
FLL,TPA,1929,625
MCI,BNA,1100,378
MKE,MCI,610,158
AEX,DFW,987,379
SFO,ONT,2174,765
CLT,PDX,254,114
ELP,SAT,789,309
IND,MCI,615,195
LGA,MDW,2219,783
MCI,HOU,601,188
MDW,OKC,338,100
SAT,MDW,689,264
STL,SEA,483,171
SFO,RDD,727,283
RKS,GCC,27,3
IND,IAH,906,364
RSW,IAH,621,114
BWI,AUS,630,239
BWI,BNA,1897,790
DAL,OKC,941,465
DEN,PHL,2131,758
PHX,TUL,590,316
HOU,LAX,1540,637
PHX,BNA,731,375
SEA,LIH,562,136
MIA,MEM,150,46
RSW,LBE,66,26
LAX,OKC,315,137
LNK,ORD,1164,417
MSN,EWR,327,108
GRR,EWR,488,150
BOS,STL,670,271
BUF,JFK,2461,692
LEX,ORD,2015,521
IAH,ASE,413,158
IAH,PDX,769,289
IAH,SMF,647,237
ICT,IAH,1102,412
FLL,DCA,2468,884
ELP,HOU,923,360
PHX,MKE,1409,551
SAN,RNO,662,270
MIA,STT,935,494
IAH,COS,914,409
EWR,TYS,298,136
FLL,MDW,1154,298
SAN,SEA,3192,978
ONT,SEA,900,185
HPN,MCO,1245,472
AUS,BOS,402,225
DEN,CPR,954,352
SLC,LGB,1952,670
ORD,BOS,6558,2469
DEN,BUR,1255,533
HOU,DEN,1773,545
MEM,HOU,624,205
SEA,SNA,2762,926
FLL,PIT,768,266
FSM,DFW,1299,430
GPT,DFW,934,307
DEN,MFR,522,258
EWR,SAT,257,91
DEN,RDM,480,221
ASE,SFO,201,85
DEN,BFL,608,309
AUS,SJC,604,166
MCO,RIC,685,332
PBI,BWI,968,411
DFW,BDL,640,237
MIA,MCO,3033,1488
JAX,FLL,726,272
DFW,COU,660,231
DCA,FLL,2468,855
ATL,GRK,597,243
OAK,DFW,335,143
BFL,PHX,875,314
CHS,BNA,349,135
DAL,LAS,1431,522
GSP,MDW,629,202
LAS,TUL,334,155
ROC,MDW,504,158
PDX,SAN,1691,551
IAH,DCA,2037,741
IAH,RSW,614,281
BRO,DFW,1059,315
IAH,PNS,1419,590
IAH,GSP,501,219
ORD,ERI,638,252
CVG,ORD,4115,1533
DFW,SPI,589,224
JFK,CMH,569,194
IAH,LGA,2340,949
BHM,HOU,609,171
FLL,HOU,680,137
MCO,MKE,1255,479
EWR,BOS,4442,1538
ATL,GRB,405,175
IAH,PBI,378,213
EWR,CVG,1515,501
MCI,MDW,2465,773
STL,LAS,1429,433
TPA,MIA,1998,768
JFK,PDX,854,376
EWR,SBN,327,122
BNA,ORD,3494,1276
LAX,GEG,158,68
IAH,MKE,863,383
DEN,COD,315,132
IAH,JAN,1943,682
EWR,SAN,983,294
BOS,MCI,606,190
LAS,ABQ,1268,536
MDW,TUS,501,220
ORD,SJC,666,236
ATL,SCE,39,10
IAH,BHM,1587,710
BMI,DEN,3,2
CLT,BWI,3378,1466
MDW,HOU,2077,821
STL,TPA,731,262
IAH,MLU,794,217
TOL,ORD,962,220
IAH,PIT,768,280
ATL,ICT,969,230
JAX,HOU,372,143
MDW,PDX,649,264
MDW,SEA,1028,501
DFW,FWA,649,272
CLT,EWR,4120,1777
BOI,OAK,660,162
RDU,STL,487,118
HOU,STL,1211,470
EWR,SAV,662,252
ATL,LNK,325,142
PHL,CLT,3103,1174
LAS,OMA,838,351
OAK,GEG,633,278
SJC,AUS,613,257
TPA,HOU,965,318
OAK,PDX,1779,742
SFO,BFL,661,196
SFO,COS,5,2
ORD,SCE,664,355
ORD,ALB,873,367
HOU,MEM,625,326
DEN,GUC,277,130
DTW,TTN,218,71
STL,DEN,1875,639
ORD,JFK,1577,658
FLL,ORD,2534,926
ATL,SBN,1124,431
DEN,PIA,5,4
DEN,SAF,299,139
DEN,DIK,340,133
SMF,LGB,661,228
CMH,IAD,35,8
CLT,LAX,1958,888
CHS,BWI,1023,338
IND,HOU,536,159
DTW,PHL,1989,686
LIT,ORD,2039,797
MIA,ORF,239,99
DEN,MLI,189,85
DEN,HLN,334,166
IAH,EWR,3217,1399
DEN,ONT,1160,491
HNL,IAH,334,157
BNA,EWR,1853,664
IAD,MDW,676,177
LAS,OKC,664,308
MCI,IND,606,270
MDW,PIT,1761,683
MSY,MCO,1141,418
STL,BOS,684,273
OGG,DFW,504,107
DEN,LIT,625,261
ORD,MLI,1612,546
ORD,TVC,1784,559
DEN,GCC,634,171
MSY,FLL,932,434
CLT,JAX,2085,840
HOU,BWI,1051,388
MIA,MSY,622,290
JFK,ABQ,274,113
JFK,DEN,816,305
DFW,RDU,1611,585
PBI,TTN,57,37
DAY,ORD,2693,1060
DFW,GJT,852,282
EWR,CMH,912,305
CLT,STL,943,402
BNA,SAT,574,149
HOU,CHS,341,169
MDW,ICT,613,233
HOU,FLL,678,360
HOU,JAX,373,233
ORD,SNA,2164,765
DFW,BHM,612,272
IAH,SHV,1470,520
ORD,FAR,2100,837
PBI,ACY,155,61
RDD,SFO,727,174
IAH,CVG,1076,502
BNA,AUS,627,240
DAL,TPA,672,307
MDW,SJC,334,126
HOU,MCI,618,247
MCO,SLC,1239,414
ORD,CHO,869,376
CLT,BNA,1291,497
ORD,SMF,534,275
ELP,AUS,867,308
HOU,BHM,610,348
LIT,DAL,1018,336
ORF,BWI,1144,428
MIA,MSP,845,357
DFW,FAR,367,117
IND,DEN,1849,611
BWI,BHM,592,200
BWI,HOU,1067,382
BWI,JAX,1109,532
DTW,STL,1338,391
MDW,TPA,1450,541
HOU,RDU,507,268
CLT,SLC,618,207
LAX,EUG,512,217
ANC,ORD,640,278
BWI,ORF,1147,582
RDU,PHL,855,262
ATL,MEM,3111,896
HOU,BNA,1234,602
MSY,TPA,984,311
LGB,AUS,475,156
ORD,HSV,628,241
PHL,FLL,1907,731
BWI,CLE,1190,504
BWI,GRR,647,257
BWI,PBI,968,485
SAN,ABQ,618,262
STL,BNA,628,226
PHX,ANC,393,132
FLL,RIC,334,168
EWR,DSM,212,103
DFW,LEX,776,356
DEN,HYS,572,144
IAH,SNA,1512,494
PHL,DTW,1999,642
FLL,IAD,83,54
SAN,JFK,1712,536
ATL,ROC,973,246
AUS,SAN,628,210
DCA,MIA,2973,1280
ORD,BDL,1521,656
PHL,LGA,226,77
IAH,DSM,443,210
IAH,AEX,926,297
MDW,CLT,637,272
MDW,ROC,511,261
MIA,SEA,344,154
MIA,GSO,151,63
STL,MKE,597,219
SEA,BLI,248,134
MIA,RIC,50,21
MDW,ALB,672,323
ATL,BDL,2342,558
ORD,RDU,1894,789
CVG,PHX,98,50
HNL,EWR,330,77
ATL,IND,3811,1325
DTW,MDW,2798,1057
MDW,BDL,890,374
MDW,CLE,1813,740
MDW,PVD,892,353
ATL,DAL,2856,724
ORD,FNT,1859,536
MIA,TLH,426,127
SAN,EWR,983,269
MDW,CMH,1821,761
STL,MCI,1196,458
STL,MSY,572,218
ORD,BWI,2468,1004
EWR,CHS,1275,437
MDW,MEM,628,263
HOU,ELP,904,399
MIA,BNA,51,16
JFK,IAD,951,349
SEA,JFK,2096,829
ATL,BWI,5838,1894
TTN,DTW,218,68
IAD,TYS,22,13
HNL,SFO,2065,659
DEN,OAK,1242,449
FLL,IAG,206,100
DEN,GTF,774,309
DEN,MSO,567,220
DEN,MTJ,459,212
IAD,IND,30,16
MCI,LAS,1611,508
DEN,RKS,632,157
DEN,FAT,1005,480
BWI,ROC,716,357
OGG,SFO,1426,475
DEN,GJT,454,163
CLT,PVD,1053,468
BWI,ISP,1546,718
CLT,SYR,594,269
TTN,STL,3,2
ORD,MEM,2228,926
LAX,DTW,2003,855
SAN,IAD,1150,327
SAN,MIA,389,139
DFW,ICT,805,306
SFO,PIT,268,82
LAX,CLT,1959,869
SAN,CLT,716,297
SFO,CLE,447,151
SFO,MSY,213,66
LAS,IAD,1171,371
LIH,PHX,343,49
LAX,IAD,3525,1070
KOA,SEA,591,173
OGG,SEA,1241,529
SEA,IAD,1124,297
SMF,JFK,282,119
LAX,BOS,4056,1348
LIH,SEA,561,149
SMF,ATL,556,196
DEN,PBI,74,30
DEN,RSW,386,131
ABQ,JFK,274,123
LAS,BOS,1027,450
LAX,PBI,77,43
PHX,CVG,96,33
PHX,IND,1306,534
FAR,MSP,1715,593
BTR,ATL,2511,1249
MFE,IAH,1957,551
PDX,SFO,4179,1274
HSV,ATL,2463,705
SYR,ATL,963,188
BTV,ATL,302,96
STL,CLT,942,406
BWI,SFO,292,63
MEM,CLT,691,292
BHM,TPA,628,182
LGA,ATL,8215,2686
MDW,PHL,1892,783
AUS,ORD,2283,728
JFK,ATL,1913,608
ATW,ATL,416,107
BZN,MSP,688,232
PNS,ATL,2268,495
DSM,EWR,191,67
BMI,ATL,877,332
AVP,ORD,506,226
IAD,EWR,734,296
ABE,ORD,665,260
TTN,ATL,325,161
GJT,DEN,454,139
INL,BRD,2,1
RAP,SLC,420,103
COD,DEN,316,135
CIU,DTW,613,269
CLE,RSW,621,225
MKE,LAS,1092,269
MKE,STL,590,164
ONT,SLC,940,138
PIA,ATL,898,378
GRK,ATL,596,295
BHM,ORD,1011,450
PSC,SLC,931,194
GRR,ATL,1290,197
DAY,DEN,435,126
ELP,ATL,699,198
MCI,DTW,1421,417
MGM,ATL,2202,942
OMA,DTW,720,183
IAD,CVG,75,19
FAR,DFW,366,111
BZN,SLC,1065,258
PDX,ATL,1089,295
ABQ,ATL,801,172
GSP,IAH,498,140
TTN,MCO,486,211
LEX,DFW,776,248
SBN,ATL,1129,425
SBP,PHX,717,136
GEG,LAX,159,66
CLE,BNA,794,198
MHT,ATL,333,33
GPT,ATL,1414,371
COS,ATL,305,88
EWR,JAX,1020,385
LAN,ATL,14,8
TPA,ILG,34,13
LGA,XNA,514,209
EWR,MSY,1095,299
AUS,MCO,998,451
SJC,BUR,2133,726
VPS,ATL,2208,517
LAS,EWR,1728,425
MDW,LAX,1858,814
PIA,DFW,929,318
JAX,PHL,383,107
ALB,MCO,691,147
MCI,ATL,3490,925
SAN,BWI,701,225
BNA,MIA,52,26
SNA,ATL,970,211
GRR,DTW,1399,351
CLE,DTW,619,244
SCE,ATL,40,16
CMI,DFW,332,119
LIT,LGA,75,47
IDA,SLC,1323,200
STL,MSP,2254,875
TTN,MDW,45,25
DAY,MSP,603,157
RDU,SFO,518,142
ONT,IAH,473,166
DVL,JMS,285,92
PDX,SMF,1597,625
PDX,HNL,714,251
SJC,LIH,190,54
BOS,HOU,926,286
BOS,AUS,402,104
PIT,FLL,769,172
PBI,ATL,4197,1154
TUS,ATL,616,146
BOS,RIC,2297,874
EWN,ATL,575,208
BQK,ATL,878,293
LEX,LGA,42,13
PBI,DEN,73,34
LSE,ORD,1153,299
BUR,SFO,1589,583
GRB,MSP,1060,348
RKS,DEN,632,147
MIA,TPA,1998,776
BUF,FLL,588,135
LBB,AUS,320,58
PDX,ORD,2164,752
LGA,CLE,2692,790
PVD,DTW,799,202
FAR,ORD,2101,790
CAE,LGA,423,175
CMH,LAS,622,178
CMH,RSW,482,99
ANC,SCC,666,215
BUR,SLC,828,207
BUR,SMF,2102,597
JAC,SLC,948,158
MCI,MCO,909,308
PVD,TPA,676,162
RIC,MCO,685,165
BDL,DFW,640,220
IAH,CLE,1166,446
PIT,PHL,929,370
BDL,DEN,346,105
SJC,ORD,665,226
TPA,LAX,603,234
MEI,DFW,334,131
AUS,DTW,318,117
SBN,MSP,553,218
SLC,DTW,1388,339
GSO,ATL,2668,779
MSP,MDW,3027,1036
MCO,CLE,1383,540
CVG,MCO,890,267
MDW,STL,2147,911
AUS,PHL,269,107
SDF,BWI,1126,419
GSP,ATL,2471,693
ELM,ATL,15,10
MBS,ATL,9,7
CLE,TPA,536,173
PHL,JAX,384,128
ICT,DFW,805,289
ORD,JAX,467,192
HNL,LAS,811,284
JFK,SAV,669,251
ALB,CLT,705,223
PHL,MSP,2365,828
BDL,RSW,399,111
HPN,FLL,674,308
EWR,RSW,1380,468
COS,SEA,334,127
SEA,LGB,793,332
DTW,IAD,698,240
EWR,GSO,862,316
BNA,TPA,1230,520
IAD,PVD,61,31
PWM,CLT,334,110
SAN,HOU,687,294
ATL,TRI,1929,592
ATL,OMA,1615,454
CHA,ATL,2711,937
MEM,MIA,151,43
EWR,ROC,747,197
IAD,ATL,2636,801
LAX,BZN,142,77
JFK,CLT,2576,876
TUS,MDW,502,117
MQT,ORD,286,79
JFK,RDU,1595,551
ORD,MSY,1399,608
ATL,ILM,1612,538
CLE,LAS,1380,402
SAT,CLT,359,149
STL,RDU,487,252
EWR,GSP,687,277
IAD,JAX,13,12
DFW,MLI,940,385
DCA,SFO,664,195
TTN,FLL,230,67
FLL,MSY,935,218
TUL,SLC,289,78
BDL,MSP,847,211
ORD,PDX,2149,865
FLL,SFO,1244,397
SLC,SAN,2265,666
ATL,BHM,3211,869
SFO,MMH,146,51
PIA,DEN,5,3
EWR,SDF,631,257
LAS,MCO,942,467
DCA,LAX,1000,277
MEM,ATL,3108,865
ATL,SGF,1294,456
ACY,PBI,155,42
MDW,SLC,772,309
MCO,BDL,1672,637
DCA,PBI,978,371
BNA,CHS,349,134
HOU,SAN,683,274
EWR,BWI,251,87
STL,PHL,626,291
ORD,PNS,223,81
MDW,TTN,45,33
EWR,JAC,40,25
DCA,LGA,4303,1517
BNA,BWI,1883,747
JAX,DCA,669,124
ABY,ATL,876,309
IAH,GJT,260,79
MSP,OKC,371,155
SFO,LIH,438,137
IAH,HRL,1201,386
MEM,TPA,334,113
BHM,ATL,3212,814
ATL,CHA,2740,996
MCI,MKE,612,224
STL,LAX,1458,409
BOS,SAV,334,111
ILG,TPA,34,22
CLT,SFO,1819,743
CLT,SEA,837,385
TPA,ROC,312,141
ATL,SMF,556,151
ABI,DFW,2329,686
ORD,TYS,2099,897
ATL,DAB,1489,442
LAS,RDU,334,144
STL,EWR,1864,732
OAK,HNL,522,201
JFK,HNL,314,165
ATL,DAY,1303,421
LAS,TPA,572,278
SNA,PDX,1146,288
SLC,STL,478,142
RIC,BOS,2297,701
ATL,HPN,1879,865
PDX,ANC,913,244
PHX,DCA,976,450
ORD,BZN,248,99
ORD,PSP,346,123
OAK,KOA,335,99
SEA,HNL,1744,704
ATL,LEX,2280,685
BNA,LGA,2472,1031
ATL,PBI,4197,1438
ATL,GSO,2667,888
MCO,TTN,486,234
ILM,ATL,1612,493
STL,IAH,594,213
BDL,TPA,960,270
MCO,CMH,1049,363
MSP,LGA,2146,784
ATL,HSV,2463,711
PHX,SDF,334,122
SEA,MKE,541,159
DFW,TLH,661,313
MSP,DAY,572,201
HOU,PIT,332,144
ORD,PBI,580,195
JNU,YAK,331,128
SEA,TUS,372,136
ATL,ASE,100,46
MDT,MCO,85,30
GSO,ORD,499,155
ORD,HNL,334,212
STL,OKC,421,128
STL,TUL,334,106
DEN,CMH,696,263
IAH,CMH,945,434
MMH,SFO,146,52
MSP,CID,682,312
IAH,JAX,629,370
ORD,MTJ,118,62
GSP,IAD,8,3
SNA,SLC,1570,341
MCO,ISP,1065,384
DFW,RNO,747,283
SEA,ANC,6382,2769
ORD,BUF,2005,715
DTW,BUF,796,246
DAL,ICT,597,273
LAX,MKE,380,164
JNU,SIT,755,259
MCO,CVG,890,339
LAX,SAF,230,95
ATL,VLD,935,385
LAX,CMH,588,207
OMA,STL,940,294
DAL,SNA,536,259
LAS,ICT,334,134
MCO,ALB,681,245
DFW,ABI,2327,748
DFW,SJT,1628,545
ATL,MLU,1210,450
BWI,EWR,245,94
DLH,ORD,1101,550
MCO,CAK,546,184
MCO,FNT,339,125
SDF,TPA,375,64
ATL,HNL,334,134
ATL,LIT,1976,491
GSP,EWR,694,250
ATL,JAN,2297,623
LRD,IAH,920,257
ATL,TUL,1516,485
DTW,EWR,2175,762
PDX,OAK,1793,735
BWI,FNT,538,230
LAS,LGB,1139,423
ORD,MHK,649,208
SLC,GEG,1203,311
SLC,CPR,818,132
IAH,JAC,101,34
SLC,GTF,887,239
MCO,DAY,348,145
SLC,VEL,205,19
MSP,INL,243,58
PHX,GEG,922,267
MSP,SLC,1850,533
MSP,SMF,541,173
MSN,ATL,893,215
MRY,SFO,817,200
PDX,OGG,580,142
ATL,MGM,2202,824
SAN,PHL,794,235
GEG,LAS,648,221
STL,FLL,493,203
TPA,DAL,673,204
SAN,MDW,1171,378
ORF,LGA,402,183
MSP,RAP,1326,447
OAJ,ATL,1136,416
IAH,SLC,2042,705
LAS,CLT,1554,574
PHX,CLE,726,334
ORH,MCO,332,83
CVG,MSP,384,153
ATL,TLH,2106,674
PBI,ISP,697,309
FLL,LAX,1752,725
DFW,FAT,617,204
BNA,MSP,988,340
ALB,TPA,383,53
DFW,SDF,298,107
MSP,SFO,2446,878
BNA,LAS,891,186
ISP,BWI,1551,596
LIH,SAN,199,41
MLU,ATL,1209,540
YAK,CDV,331,94
SAT,ORD,1072,362
VLD,ATL,935,359
BOI,LAS,655,297
ROC,ATL,973,201
JAN,ATL,2297,521
IAD,GSP,8,2
SIT,KTN,334,138
PDX,SJC,2248,742
TUL,DAL,927,312
ICT,LAS,334,92
ROC,MCO,394,78
LAX,RDU,804,278
DAY,ATL,1304,321
DTW,CIU,613,211
TYS,EWR,306,52
IND,CLT,824,287
MDW,SDF,1159,472
FLL,SWF,335,147
DCA,CHS,649,222
RSW,EWR,1371,422
SJT,DFW,1628,503
MDW,SAN,1184,524
MDT,ATL,956,212
EWR,SNA,736,218
MCI,LAX,981,424
STL,SFO,881,335
PVD,ATL,947,233
TTN,BNA,2,2
DFW,GRI,634,182
CHO,ATL,939,273
FLL,TTN,231,68
SFO,JAC,169,86
MSY,EWR,1094,408
GNV,ATL,2089,884
CMH,MCO,1052,283
HOU,EWR,862,336
ALB,ATL,937,231
EWR,ALB,170,46
PDX,ABQ,228,82
MSY,BNA,1048,309
ROC,TPA,313,71
SAT,MCO,495,182
PSP,ORD,344,140
IND,JFK,154,63
JAC,ATL,102,20
CAK,ATL,2042,478
PIT,MDW,1777,525
SAN,MSY,334,141
MTJ,ATL,35,13
IAH,VPS,901,378
IAH,TYR,688,199
LGB,LAS,1141,397
EGE,DEN,6,5
SMF,BUR,2092,751
CLE,ATL,2851,616
CVG,JFK,332,110
INL,MSP,243,90
ABQ,MCI,315,113
AUS,MSY,344,106
ATL,SRQ,1930,549
DFW,CRW,146,90
DEN,MDT,2,2
IAH,OMA,1210,478
MTJ,ORD,118,54
LAX,DCA,1000,318
BIL,SLC,1059,226
FNT,MCO,339,44
ORD,EAU,668,244
FLL,LBE,275,84
GTF,SLC,887,194
LAX,BWI,1118,395
MIA,CLT,2982,763
MSP,IND,902,220
SEA,SLC,3463,1286
SEA,CLT,836,388
BNA,MCI,1080,376
EWR,AVL,174,57
MDW,ORF,538,252
CDV,ANC,331,109
JAC,MSP,134,16
PHX,BOS,1431,588
TLH,DFW,661,244
DFW,EVV,360,148
LGA,CMH,1439,645
TRI,ATL,1928,631
ATL,LFT,1197,437
CAK,TPA,375,80
STL,RSW,546,204
ATL,OKC,1974,575
TPA,BWI,2182,791
TPA,MCI,493,183
SLC,CNY,206,27
ATL,RST,317,100
ATL,CSG,1067,440
SFO,DCA,664,231
AUS,CLT,423,165
HNL,SEA,1744,700
ATL,DHN,1260,443
JAX,EWR,913,346
SLC,COS,597,130
OMA,LAS,833,224
JNU,PSG,332,171
DTW,SAV,159,61
DFW,BMI,652,263
SLC,OMA,480,181
LGA,DAY,403,185
MSP,PHL,2372,739
JFK,CHS,1201,419
SLC,SEA,3460,1310
BWI,SDF,1125,424
MDW,JAX,334,130
MDW,RSW,1181,393
FAY,ATL,1633,570
FNT,TPA,231,48
LIT,LAS,334,111
MIA,BWI,1097,481
ATL,SLC,2545,660
BZN,ATL,97,33
SAT,SLC,557,76
ISN,IAH,321,68
RSW,PHL,960,360
PHX,PIT,978,320
RSW,CMH,489,139
SEA,DCA,657,183
JFK,HOU,339,120
DHN,ATL,1260,538
EGE,ORD,109,43
CVG,ATL,2372,661
RDU,FLL,626,184
OGG,ANC,67,17
TPA,DCA,2684,758
ALB,IAD,3,2
TYR,IAH,688,169
ALB,BWI,1701,419
STL,BWI,1193,409
SMF,SNA,2118,786
CHS,DCA,649,202
MSP,ICT,634,255
MSP,PDX,1292,393
MSP,SAT,236,100
HNL,OAK,520,179
AZO,ORD,1326,355
SLC,AUS,588,214
TYS,IAD,22,10
MDW,LGA,2184,977
MYR,ATL,1420,441
ATL,CLE,2850,809
COU,DFW,660,234
KOA,SFO,694,162
ATL,PHL,6608,2326
FLL,AUS,789,265
SDF,MCO,367,79
SAN,BOI,334,100
PHX,MRY,629,274
ISP,FLL,567,124
CSG,ATL,1068,382
LFT,ATL,1195,548
ATL,CHO,940,357
MHT,MCO,704,159
ATL,MLI,760,400
MDW,BWI,1977,808
MEM,MDW,626,175
ATL,BUF,1568,412
HNL,PDX,714,277
BUR,PDX,958,181
ATL,PNS,2268,684
SLC,TUS,939,239
TLH,MIA,427,116
SLC,EUG,624,106
TUS,SEA,372,92
HNL,SJC,558,234
ATL,DSM,925,238
SBA,SEA,449,121
ATL,ATW,414,138
OMA,ATL,1552,352
PHX,CMH,1052,409
ATL,VPS,2207,636
ATL,GSP,2470,727
MSP,BIS,1503,503
SRQ,ATL,1930,418
MSP,MCI,1897,648
SLC,ONT,940,267
ATL,OAJ,1136,518
TPA,HPN,334,135
SLC,PSC,932,218
SDF,DFW,298,123
PSG,WRG,332,132
DTW,SBN,1303,382
BMI,MCO,34,27
HNL,SAN,639,228
JFK,IND,154,53
JFK,ORF,126,54
SLC,MSO,1004,290
ANC,CDV,331,138
ICT,DAL,597,170
TYS,ATL,1718,542
ATL,MOB,2254,896
ATL,MYR,1421,509
KOA,OAK,334,66
TLH,ATL,2106,597
IAH,STL,867,371
DTW,MSN,1422,448
DTW,MSY,983,347
IAH,MSP,1672,648
AVL,EWR,174,67
TTN,TPA,184,93
SDF,LAS,342,116
ATL,EVV,960,361
LAS,PHL,2147,774
MDW,IAD,675,221
SNA,SEA,2762,748
IND,MSP,971,264
ABE,ATL,898,298
COS,SLC,597,148
EWR,RIC,967,408
STT,MIA,935,321
MRY,PHX,628,213
LAS,ALB,274,131
ATL,ROA,1496,530
CVG,EWR,1479,455
ATL,AEX,1233,498
BNA,PNS,599,217
BWI,PIT,962,470
ATL,PDX,1087,261
GSP,LGA,8,4
MLI,ATL,760,363
JAC,LAX,256,125
LAS,BWI,1713,670
WRG,KTN,332,130
LGB,OAK,1001,256
ATL,TYS,1719,540
DIK,DEN,341,79
BWI,PVD,2498,1117
TPA,SAT,325,112
ICT,ATL,968,236
MOB,ATL,2253,957
EUG,SLC,624,82
EVV,DTW,779,250
SAV,LGA,430,176
MCI,OAK,296,106
CRW,ATL,1314,559
HNL,PPG,107,41
ISN,MSP,1063,312
HNL,ORD,334,90
BWI,MSY,828,284
MDW,OAK,995,444
SLC,RNO,953,252
IAD,PBI,59,23
ICT,MSP,633,263
ATL,SAV,3140,974
ORD,ATW,1434,550
SDF,ATL,2739,676
SAV,DTW,174,94
BOS,CVG,278,133
DSM,ATL,927,229
MCO,SDF,367,136
IAD,SDF,6,4
FSM,ATL,672,251
ATL,SHV,2032,695
SLC,DCA,631,231
JFK,OAK,284,94
LAS,CMH,620,225
TPA,ACY,335,169
CDV,YAK,331,96
IAH,GPT,1257,494
ALB,MDW,668,218
CMH,BWI,1423,504
HOU,PNS,334,196
LAS,SDF,342,160
IAD,CHS,4,4
CMH,MSP,474,162
PHF,ATL,1260,483
IAD,CAE,193,109
SLC,BOS,578,154
BIS,MSP,1503,589
MSP,BOS,1817,514
PIT,MSP,546,154
GSO,LGA,1295,549
CID,MSP,714,364
IND,EWR,1287,502
RDU,MCO,979,301
STT,FLL,311,113
LAX,ITO,261,102
SCC,BRW,666,258
SAT,BNA,569,152
MSP,BIL,644,120
JFK,BUR,334,101
EWR,SLC,292,90
MCO,HPN,1246,540
OKC,STL,418,167
PHX,BUF,334,163
MSY,DCA,754,230
BLI,HNL,156,40
MSP,DCA,1655,497
MSP,FAR,1718,540
BUF,ATL,1569,310
MSO,SLC,1004,262
KTN,SEA,1319,527
TUL,STL,335,116
ORF,MIA,240,73
CLT,RIC,1349,552
PWM,BWI,998,313
CLT,PWM,334,140
ROA,ATL,1496,510
ORD,MOB,287,126
CMH,MIA,593,228
LAX,RDM,240,89
PDX,BUR,958,228
HOU,JFK,338,144
ORD,MQT,286,113
GSP,BWI,376,185
PNS,HOU,334,85
EGE,LAX,110,43
SCE,ORD,660,224
CHS,LGA,150,55
MSY,ORD,1364,565
PHL,SLC,616,236
LGB,PDX,750,251
DAY,BWI,695,221
RSW,PIT,450,131
SYR,MCO,334,83
CMH,BNA,624,174
FLL,LAS,1033,323
TPA,MSP,1069,300
LGA,LIT,74,66
MSY,SEA,334,116
LAX,MEM,255,84
AVL,ATL,1856,579
ATL,COS,305,120
SIT,JNU,662,224
FLL,BNA,780,202
IND,DCA,718,172
LAS,MSY,705,271
FLL,SEA,334,149
YAK,JNU,331,65
SAT,SEA,334,79
AUS,SEA,461,153
MDT,DEN,2,2
TPA,PIT,846,314
PSP,SEA,839,262
MIA,CVG,609,202
CLE,LAX,804,313
ATL,AUS,3154,1050
MCO,SEA,440,169
BHM,MDW,631,188
PNS,BNA,598,226
BRW,ANC,332,91
ATL,EWN,575,254
ATL,BTV,301,159
SWF,MCO,334,146
IAH,SAV,454,199
DAL,BNA,903,443
ATL,BNA,3230,923
GSO,DEN,133,52
BOI,SLC,1578,389
SDF,EWR,737,281
IAH,BWI,993,408
MCI,BWI,802,270
LGA,LEX,42,14
ATL,EYW,1423,438
BNA,FLL,781,284
BNA,JAX,901,353
ATL,FAR,39,20
MSY,BWI,814,241
ATL,GTR,927,282
CHS,IAD,4,4
MKG,ORD,667,235
TPA,ALB,385,143
BOS,IAD,2020,617
STL,CMH,591,283
STL,DTW,1316,507
STL,GRR,326,179
LGA,CAK,500,208
SEA,FAI,1316,483
JFK,SMF,282,90
ATL,RAP,15,8
EWR,TUL,4,3
RIC,CLT,1350,463
STL,DCA,973,346
ORD,PVD,504,244
ATL,ABQ,803,202
SAT,LAS,1275,330
MSP,MSN,1233,371
MSP,OMA,1286,443
MSN,DEN,724,213
MSP,EWR,1368,468
LGA,BHM,490,224
ATL,AZO,19,6
ATL,LAN,13,6
RSW,IAD,88,50
DTW,CLE,679,247
TPA,PVD,682,205
ATL,ABY,876,347
BNA,DAL,904,275
ELP,LAS,652,235
MIA,SAN,389,176
ATL,ELM,15,11
SLC,DSM,75,27
PBI,IAD,59,37
FLL,MYR,376,131
MDW,ONT,325,137
CLT,ORF,603,247
BWI,CHS,1024,441
JFK,JAX,965,401
SFO,PSC,365,134
KTN,JNU,334,110
BNA,RDU,993,337
ATL,PWM,612,168
DCA,CAK,273,67
ATL,PIA,896,379
RSW,CLE,621,263
LIH,DEN,41,7
BNA,CLE,795,268
BNA,PIT,334,118
BNA,CMH,639,297
BNA,PHL,632,284
ATL,FNT,954,300
ATL,ALB,937,303
ATL,MLB,1332,428
MIA,BHM,547,218
ATL,XNA,1576,552
MDW,RDU,1064,402
OAK,JFK,285,113
MDW,DSM,643,262
DTW,PIT,625,214
HOU,OAK,633,199
HOU,ABQ,950,421
BUR,JFK,334,132
MSP,GEG,770,216
ORD,DBQ,928,271
MIA,GNV,594,225
LAX,CLE,808,271
SJC,BOS,207,107
SLC,EKO,531,160
SLC,LWS,587,110
MDW,GSP,629,273
SEA,EWR,1513,458
BWI,PWM,998,440
ITO,LAX,261,77
SFO,BWI,294,133
MYR,BOS,334,93
SFO,RDM,834,299
SFO,MRY,816,233
JFK,PWM,1180,436
JFK,BTV,1023,389
SFO,CVG,230,76
LAX,IND,786,310
OAK,ATL,64,38
HNL,DEN,334,101
SJC,ATL,276,102
PDX,DTW,223,63
OGG,DEN,173,49
SJC,JFK,296,137
LAX,CVG,533,210
LAS,CVG,644,272
PDX,JFK,853,280
ANC,DEN,408,190
LAS,ANC,84,19
ANC,SEA,6383,1997
PDX,MSP,1290,337
GCC,RKS,28,2
MSO,MSP,428,79
GRR,BWI,649,208
BOS,BUF,1244,350
CID,ATL,884,328
BIL,MSP,643,101
RDU,DTW,998,252
OKC,DTW,328,103
FAR,ATL,39,10
RIC,LGA,1381,634
JAN,ORD,568,149
EAU,ORD,668,215
GRB,ATL,401,124
IMT,RHI,286,77
ESC,DTW,573,126
DTW,MIA,1198,377
RAP,ATL,15,5
ABQ,SLC,949,148
PBI,IAH,379,149
MKE,BWI,874,261
TUL,MIA,47,21
PIB,MEI,334,89
SBN,EWR,326,79
OMA,EWR,619,266
BFL,SFO,660,193
PIT,DTW,435,118
PIT,BNA,334,43
PWM,ATL,612,117
FSD,ATL,329,89
AZO,ATL,17,7
SCE,DTW,211,40
CID,DTW,690,291
MLB,ATL,1332,345
SJC,MSP,458,120
GTR,ATL,927,351
PIA,DTW,371,113
ROW,DFW,974,333
LGA,RDU,1957,858
CLE,FLL,831,286
RKS,SLC,31,3
PIT,SFO,266,62
DAB,ATL,1489,335
SNA,EWR,784,127
CLE,MDW,1823,526
FLL,JAX,726,247
SAN,DTW,709,206
EUG,LAX,513,181
MCI,MSY,333,91
MSY,SLC,304,79
GRR,MSP,1074,318
PDX,KOA,177,29
BIS,DFW,333,100
PIT,RSW,444,102
CVG,FLL,492,142
SMF,IAD,237,56
ORD,BTV,519,216
PDX,BOS,491,141
SEA,JAC,23,10
ORD,CAK,1239,459
ORD,PWM,333,177
ORD,RST,1324,403
LGB,SEA,793,295
IAD,JAC,19,9
BUF,BOS,1243,317
LAX,JAC,255,100
DSM,SLC,75,34
CVG,LAX,533,129
SEA,BWI,696,200
CAK,BOS,299,81
MFR,SFO,1298,483
CVG,SLC,521,108
EWR,HDN,17,10
IAD,STT,152,44
ORD,LSE,1153,344
MKE,CVG,352,165
DTW,SRQ,75,19
DTW,SLC,1386,428
DTW,BNA,1994,568
DTW,CHA,442,147
ORD,STT,46,20
IAH,MAF,2064,790
HOU,SNA,388,127
SAN,BOS,964,309
DTW,GRR,1342,499
MKE,MCO,1253,371
DTW,PBI,363,106
MSP,MSY,330,58
SAN,ORD,2680,836
BOS,STT,205,71
IAH,ICT,1057,422
GRR,STL,326,53
CAK,DCA,273,67
MSP,EGE,1,1
ATL,PHF,1260,513
EWR,HNL,330,120
MKE,EWR,1082,390
SFO,BZN,182,98
MIA,EGE,126,31
DFW,MAF,1168,526
LAS,AMA,334,105
LAS,IND,850,386
LGA,JAX,95,37
FLL,CLE,832,274
ORD,FCA,130,67
ORD,GUC,19,12
ORD,MKG,667,210
PHX,MTJ,38,19
LGA,CAE,423,166
ATL,MDT,955,252
ANC,OGG,67,12
LGA,GSP,4,2
PVD,IAD,62,22
LGA,EYW,1,1
DTW,FWA,1001,296
DTW,MDT,526,135
LAN,DTW,440,130
IND,IAD,23,5
BHM,LAS,334,96
SLC,CVG,522,125
DTW,OMA,651,194
MSP,DIK,597,112
LGB,JFK,611,231
SMF,OGG,334,72
MSP,DTW,2645,915
DTW,BHM,584,196
ORD,HDN,23,12
ATL,EGE,100,31
DTW,CVG,392,123
ATL,HDN,95,26
ORD,OGG,114,63
MKE,LAX,380,114
RAP,MSP,1322,424
ATL,FAY,1634,572
DEN,CAK,273,100
CLT,HOU,379,137
CEC,SFO,190,59
CAK,ORD,1237,438
RIC,IAD,37,5
FLL,IND,310,53
CHS,HOU,340,91
MAF,IAH,2068,655
MEM,EWR,1002,280
SAV,JFK,669,251
TPA,CVG,313,81
DCA,RSW,815,270
SDF,MDW,1162,429
MAF,DFW,1169,517
DEN,MMH,10,4
SLC,RDM,599,89
SLC,SUN,674,154
AEX,ATL,1233,546
ORD,TOL,961,243
CMH,LGA,1439,597
MSP,ASE,24,15
JAC,SEA,23,7
MSY,DTW,979,429
MCI,FLL,327,85
JAC,IAD,19,8
MKE,SEA,541,149
IND,FLL,305,67
FWA,ATL,1110,444
MSP,IMT,334,53
EGE,ATL,97,28
SEA,BZN,117,30
PSP,PDX,278,79
BHM,DTW,583,241
IAH,GUC,70,37
AUS,MDW,882,325
LBB,LAS,334,95
MCI,PDX,334,89
PNS,ORD,223,91
PWM,ORD,261,115
CLT,STX,31,19
ORD,EGE,109,44
ANC,PDX,913,220
BTM,SLC,667,99
ATW,MSP,521,231
MSY,MCI,333,90
BUF,DTW,828,241
MTJ,PHX,38,21
ORD,RAP,371,215
SJC,IAH,462,140
HDN,EWR,17,6
DTW,IND,805,275
CVG,DTW,445,168
DTW,AVP,471,152
SAT,EWR,253,91
FNT,ATL,954,159
DTW,ATW,489,146
JAC,JFK,4,3
SRQ,DTW,75,21
DAY,MCO,348,88
IAD,SAV,87,46
JAC,SFO,169,65
BNA,JFK,334,121
PDX,SBA,334,99
RDM,SLC,598,79
GUC,ORD,19,11
FLL,RDU,626,241
TPA,MHT,445,174
DFW,MTJ,95,37
DTW,MBS,436,177
HDN,ORD,23,13
PVD,FLL,786,240
IAD,DAY,1,1
IAD,RDU,406,175
OME,ANC,616,289
PWM,JFK,1180,308
PSP,MSP,155,57
SYR,IAD,26,12
LAX,HDN,63,31
EGE,MSP,1,1
IAH,LCH,1077,263
SFO,MTJ,29,16
BZN,EWR,50,27
IAH,CRW,284,130
CLE,JFK,304,115
ATW,DTW,477,155
IAH,LEX,311,111
CMH,EWR,906,355
HRL,AUS,326,95
MMH,DEN,10,5
FCA,ORD,131,57
GRR,MCO,308,80
ORD,CRW,576,222
ORD,PAH,666,236
BZN,LAX,143,68
HDN,IAD,15,5
LAS,BLI,218,38
PDX,SLC,2339,701
SRQ,ORD,319,99
MOB,ORD,288,119
STT,IAD,152,49
EWR,GRR,364,143
ASE,MSP,24,9
RSW,CAK,198,64
RST,ORD,1323,367
MSP,DSM,210,78
MSP,MEM,428,98
MDW,MHT,882,349
SFO,HDN,14,5
MSY,MSP,329,156
BIS,ORD,333,95
LAX,MTJ,29,19
ORD,GSP,835,363
IND,DTW,674,222
MDW,LIT,332,143
EWR,ORF,679,236
SDF,ORD,1289,494
SEA,HDN,48,20
MTJ,EWR,23,10
ACY,TPA,334,135
DTW,LIT,280,97
AVP,DTW,471,153
DAY,EWR,761,300
MBS,DTW,446,146
STT,ATL,632,128
CVG,RSW,420,118
SLC,MSN,205,48
RAP,ORD,397,154
DTW,JAX,234,70
MSO,ATL,15,8
DTW,RDU,933,271
ORD,CHS,961,426
DTW,MHT,376,82
JNU,SEA,1232,545
GCC,SLC,334,57
GUC,IAH,70,22
BDL,IAD,172,69
MKE,RSW,516,155
SEA,MDW,1023,359
MTJ,DFW,95,35
SEA,SBA,450,143
IAH,LRD,921,272
MSP,BRD,588,103
DAY,IAD,2,1
AUS,BWI,643,241
MSY,SAN,334,104
PIT,IAD,227,68
RDU,IAD,383,149
EYW,LGA,1,1
BZN,SEA,117,25
MSY,LAS,705,178
ORD,AVP,506,279
BWI,JFK,333,157
ATL,SYR,963,295
MCO,LBE,318,176
SLC,BUR,828,193
SLC,SNA,1570,377
SLC,ABQ,949,280
ATL,STT,632,171
EWR,PWM,590,247
ORD,GSO,496,181
MCI,EWR,633,217
ORF,EWR,627,235
RDU,PHX,258,90
ATL,FSM,672,300
LGA,BTV,45,16
ORD,OAK,334,148
SLC,HLN,870,156
MSP,ATW,511,191
OKC,LAS,667,204
SWF,FLL,334,102
LIT,DTW,280,70
DTW,RIC,877,304
DTW,TVC,757,198
ATL,FWA,1077,398
HSV,DEN,170,63
ROC,JFK,1102,268
LFT,DEN,163,59
OKC,BWI,334,104
OMA,SEA,335,100
MDW,CHS,548,191
OGG,SAN,380,80
MCI,SEA,488,168
JFK,BWI,333,124
LBE,FLL,275,86
STT,ORD,46,20
HDN,LAX,63,31
MTJ,LAX,29,13
SAT,BWI,786,277
OKC,MSP,372,163
ANC,OTZ,616,225
TPA,MEM,334,126
DCA,SLC,630,174
IAD,RIC,35,15
GSP,ORD,829,312
EWR,BTV,561,207
HNL,IAD,167,51
DCA,PDX,334,67
MTJ,SFO,29,8
STX,CLT,31,21
ABE,DTW,711,268
PWM,EWR,662,315
MSP,MOT,830,318
SBA,PDX,334,107
AUS,OAK,336,131
CLE,BWI,1180,394
HDN,SEA,48,20
BOS,SLC,577,200
PHL,BWI,7,5
BTV,LGA,45,18
PHL,DCA,106,46
CLE,EWR,1544,566
CLT,SAT,358,143
MSP,SJC,458,125
MSP,MSO,430,87
TVC,DTW,756,200
IAD,ROA,5,2
MSP,SNA,916,230
LBE,MCO,318,157
IAH,HOB,571,183
ORD,JAC,395,178
FWA,DTW,966,370
BDL,DCA,660,198
EWR,BZN,50,27
JFK,LGB,612,201
TPA,SEA,334,139
MEM,BWI,388,155
ROC,BWI,724,246
PIT,BWI,946,277
ORH,FLL,331,109
TPA,LBE,88,36
MSY,SFO,214,88
BTV,EWR,542,233
JFK,SJC,296,103
MSN,SLC,205,37
ORD,RNO,376,164
IND,BWI,1021,350
TPA,SDF,376,121
DTW,BOS,3424,1029
LGA,MSY,461,162
TPA,ISP,491,168
OTZ,OME,284,162
ATL,ELP,700,209
MSP,BDL,852,209
MDW,SFO,766,327
FLL,HPN,675,217
ATL,MHT,333,94
SEA,COS,333,175
PIT,BOS,1158,362
MSP,BWI,1039,298
ATL,SJC,276,79
DTW,ELM,1431,531
MSP,GRR,1128,308
DTW,EVV,777,246
PHX,DSM,204,57
BOS,CAK,299,140
MSP,BZN,689,176
ONT,PDX,723,123
ATL,SNA,971,276
ROA,IAD,5,2
MIA,PHX,619,197
DTW,AUS,247,82
SYR,EWR,518,222
CMH,LAX,588,199
CVG,BOS,283,131
DTW,SAN,707,237
MSP,MBS,79,26
CVG,BNA,352,116
DCA,BDL,661,222
SLC,FAT,856,313
KOA,DEN,86,16
MIA,TUL,47,24
DTW,DCA,1705,592
ATL,PVD,947,239
CMH,STL,592,191
BOS,RDU,1530,510
ATL,AVP,329,157
LGB,BOS,276,106
ORD,ELM,606,278
PHX,SBP,717,265
BWI,GSP,375,142
DTW,PVD,799,233
HNL,ANC,275,58
DTW,BDL,1357,383
IAD,CLE,339,115
KOA,PHX,288,46
CLT,ALB,705,314
EWR,BUF,533,163
ONT,ATL,3,1
IAG,FLL,206,63
BHM,MIA,546,205
OMA,SLC,488,135
OKC,SFO,333,105
PSC,SFO,364,73
EWR,RDU,913,372
RNO,SFO,1613,585
MHT,TPA,446,99
HOB,IAH,571,147
LNK,ATL,325,67
DLH,MSP,618,228
IND,LAX,785,228
OMA,MSP,1271,518
LBE,RSW,66,26
MEM,LAX,257,68
EWR,STT,239,78
MCO,MDT,85,25
ALB,FLL,345,82
CHA,DTW,470,189
IAD,MEM,71,18
GNV,MIA,594,175
LGA,PHL,183,41
PHL,STT,227,104
DCA,PHL,103,31
DSM,PHX,203,102
BWI,PHL,7,1
ICT,MDW,613,208
DCA,SEA,657,168
XNA,DEN,366,135
DEN,DRO,571,194
MCI,IAD,7,1
BWI,MEM,388,131
TPA,CLE,538,165
OAK,ORD,334,149
IND,LAS,859,201
CVG,SEA,131,53
DTW,ORF,535,131
BNA,IAD,32,10
EGE,JFK,110,42
PBI,LAX,77,24
ORD,ORF,798,387
IAH,RNO,32,12
ELM,DTW,1430,502
MEM,IAD,71,24
DCA,JAX,670,203
SLC,RAP,421,102
BOS,SRQ,181,85
ATL,JAC,103,23
EWR,MTJ,23,11
MSP,LAN,518,159
IAH,ISN,321,75
DEN,HDN,95,50
LGA,IAD,205,96
LIT,MDW,332,128
MKE,SFO,380,125
PDX,LIH,101,21
ATL,BQK,878,312
DEN,JFK,816,324
BDL,EWR,474,148
WRG,PSG,332,106
BLI,OGG,89,18
ORF,DTW,645,179
SDF,LGA,301,93
MOT,MSP,830,297
MSP,JAC,133,39
RSW,HPN,334,115
ATL,BZN,97,29
RNO,MSP,29,10
SRQ,JFK,334,93
HPN,TPA,331,99
MDT,DTW,525,123
FLL,MKE,370,79
IAH,EGE,135,43
LGA,DCA,4303,1662
MSY,LGA,461,198
SFO,OTH,248,121
PSG,JNU,332,124
MDW,SMF,417,177
MKE,BOS,610,263
CLE,MKE,759,219
CAK,MCO,547,128
DEN,PHF,3,1
IAH,CLL,704,199
RSW,CVG,420,116
EVV,ATL,958,332
LAN,MSP,518,206
IMT,MSP,334,85
IAH,ORF,277,163
TPA,LAS,573,127
ORD,MHT,487,227
MKE,CLE,754,180
ORF,JFK,126,41
TTN,CLT,298,117
SDF,IAD,14,4
ORD,ABE,666,268
PDX,LGB,750,223
SRQ,BOS,181,76
OTH,SFO,248,104
CLL,IAH,707,182
CVG,TPA,314,59
MSP,XNA,466,187
LGA,RIC,1383,511
MSP,ABR,671,163
EWR,PIT,433,133
DTW,MLI,218,77
BTV,JFK,1023,252
DTW,ROC,304,78
RST,MSP,406,197
BOS,LGA,7096,2746
LGA,ORF,515,217
CLT,TTN,299,162
TTN,PBI,57,19
MLI,DTW,210,83
CLE,BOS,1819,461
JAX,MDW,334,106
XNA,MSP,462,232
PDX,PSP,278,100
CLE,DCA,1388,330
PDX,ONT,723,192
ADK,ANC,96,56
ROC,DTW,298,58
ORF,IAH,301,148
PIT,EWR,428,124
LGA,BOS,7100,2711
IAD,PHX,334,133
BOI,SAN,333,114
OKC,MDW,337,105
PHF,DEN,3,1
BOS,CLE,1831,398
DCA,CLE,1385,362
ATL,MBS,15,4
BUF,IAD,36,9
IAD,CLT,10,3
GSO,IAD,60,12
LAX,ANC,382,88
DTW,GSO,409,143
ATL,OAK,64,13
LGA,MCI,716,295
DTW,SAT,457,192
DTW,ESC,573,140
MIA,BDL,376,182
DTW,PDX,223,87
LGA,OMA,138,67
DTW,BTV,521,193
DTW,ABE,705,212
ATL,FSD,331,146
MYR,ACY,334,124
IND,TTN,2,1
MSP,BJI,667,154
LAS,CLE,1377,487
ANC,LAX,382,81
BOS,MYR,333,109
INL,HIB,329,96
ANC,BET,896,319
EWR,DCA,1515,575
RIC,MIA,51,14
CLE,RDU,387,133
SAT,MSP,177,51
LEX,DTW,500,130
DBQ,ORD,928,236
BNA,CVG,314,112
GJT,SLC,618,121
OMA,LGA,140,45
DSM,MSP,241,111
AZO,MSP,117,37
HPN,RSW,332,77
LBE,TPA,88,20
JFK,SRQ,335,101
DCA,EWR,1516,634
IND,SFO,314,60
COS,SFO,5,1
JMS,DEN,286,99
CHS,MDW,548,149
BET,ANC,896,328
RDU,MSP,501,132
OTZ,ANC,379,134
JAX,DEN,339,51
XNA,LGA,513,211
DTW,LEX,501,141
DTW,ERI,108,36
CAK,DEN,273,48
TPA,CAK,373,157
FSD,MSP,1287,487
MSP,TUS,179,36
BNA,DCA,992,205
BRW,FAI,334,147
DIK,MSP,597,112
LGA,MHT,140,68
CVG,GRR,170,65
MSP,BOI,702,255
OKC,IAD,6,2
CVG,STL,49,9
DTW,AZO,381,114
TUL,IAD,5,1
JAX,DTW,233,37
GSO,DTW,407,148
SNA,MSP,915,167
MSP,RST,405,140
STL,CVG,48,13
MCO,BMI,34,25
MHT,LGA,136,58
FAI,ANC,668,181
LAS,DCA,331,93
DEN,GSO,133,54
PLN,DTW,752,238
AZO,DTW,385,99
DTW,JFK,304,121
SLC,MCI,610,180
SLC,FAR,243,100
GRR,CVG,172,54
DTW,HSV,93,30
BNA,TTN,2,1
MCI,LGA,708,270
TUS,MSP,179,55
RST,ATL,316,91
LIH,SFO,438,91
MSP,RDU,425,133
MSP,BMI,70,26
PDX,SNA,1146,349
ANC,ADQ,460,130
HSV,DTW,92,27
LGA,ROC,181,63
ERI,DTW,108,35
DTW,DAY,415,125
CVG,LGA,108,32
CVG,MSN,36,19
CVG,CLT,86,22
RDU,CLE,389,163
BHM,LGA,490,171
LGA,BUF,389,148
RIC,DTW,877,270
MSN,CVG,36,15
IAD,BUF,39,15
SAT,DTW,515,188
BMI,MSP,70,52
ADQ,ANC,460,160
DAY,DTW,382,166
DTW,HPN,146,49
MCI,SLC,611,104
AVP,EWR,53,13
CLT,CVG,85,45
TTN,MKE,2,1
EWR,PVD,396,143
CLE,BDL,130,65
ORF,IAD,75,22
TPA,TTN,185,94
CLT,CHS,196,75
CVG,LAS,645,271
RDU,BDL,189,78
MKE,TTN,2,1
MSP,LSE,493,133
CVG,MKE,353,137
PIT,DCA,2,1
HIB,INL,329,68
IAD,ROC,116,52
EWR,BDL,444,124
PPG,HNL,107,67
BTV,IAD,7,6
DRO,DEN,572,229
CMH,FLL,312,83
DFW,OAK,335,76
GSO,MIA,151,43
CLE,STL,483,152
PIH,SLC,654,214
CLE,SFO,446,120
RDU,EWR,860,359
PDX,EWR,334,58
IAD,BTV,6,3
DCA,LAS,329,74
MDT,CLT,125,42
BNA,RSW,105,29
PDX,DCA,334,75
ROC,IAD,114,55
PVD,EWR,357,157
DTW,CAK,190,42
DTW,PIA,371,100
TPA,GRR,161,55
CVG,TTN,3,1
BNA,SAN,388,125
OAK,DAL,593,285
MCI,DCA,638,222
AUS,DCA,334,96
LGA,PIT,183,75
HPN,DTW,146,60
CHS,CLT,196,48
LGA,CVG,108,29
OAK,BWI,324,158
MSP,GFK,718,227
EWR,MHT,701,234
GRR,RSW,100,23
DTW,PWM,520,160
BNA,BOS,638,268
RSW,GRR,100,42
SAV,BOS,334,90
RDM,SFO,834,226
CHS,BOS,338,106
PIT,LGA,301,114
MHT,EWR,700,275
MSP,TTN,157,108
ABR,MSP,671,246
PWM,DTW,514,152
BWI,OAK,324,104
ANC,BRW,189,79
DCA,PIT,3,2
CAK,DTW,189,55
RSW,BNA,105,40
CLE,IAD,363,126
MSP,AZO,120,44
ORD,ROA,780,351
BRW,SCC,189,58
ANC,FAI,334,109
MLI,MSP,65,36
ROA,ORD,781,277
MCO,OMA,133,44
MYR,FLL,376,167
STL,CLE,483,123
GRR,TPA,159,32
MSP,CMH,468,151
OMA,MCO,133,27
MSP,FCA,204,53
ROC,EWR,725,241
CLT,AUS,422,168
LNK,MSP,382,179
STT,BOS,142,57
MSP,LNK,382,124
MEM,MSP,465,154
IAD,HSV,4,2
GFK,MSP,717,272
HSV,IAD,4,2
RIC,CAE,1,1
IAD,SYR,24,14
PIT,LAX,255,67
MCO,ORH,334,66
LIT,PHX,334,76
MSP,PSP,155,46
CLT,CMH,21,9
FAR,SLC,244,64
CMH,CLT,21,8
MSP,MLI,58,24
ANC,MSP,575,161
ANC,LAS,84,14
ANC,PHX,393,128
AVP,ATL,329,71
BDL,CLE,130,75
BDL,RDU,183,42
SFO,IND,314,91
DTW,GSP,223,75
GSP,DTW,219,54
BUF,LGA,353,116
CPR,SLC,818,104
AUS,SLC,588,142
BUF,RSW,77,20
ANC,OME,379,127
JFK,PSP,32,12
CNY,SLC,206,8
LGA,SYR,75,30
RNO,MDW,216,93
MDW,RNO,216,89
FCA,MSP,205,55
MSP,FNT,442,159
STX,ATL,37,11
ALB,DTW,496,152
PDX,MDW,648,212
IAH,SJC,463,167
TUL,MDW,334,66
LIH,SJC,190,25
CLT,MDT,124,50
ANC,HNL,275,68
DAL,OAK,593,239
KOA,SJC,193,38
MHT,DTW,381,102
KOA,PDX,177,29
DTW,ALB,497,141
OAK,LIH,191,52
KOA,ANC,45,9
JAX,LGA,97,49
TUL,MSP,434,246
SYR,DTW,255,38
CVG,SFO,231,66
OME,OTZ,47,21
DTW,MEM,444,112
BTR,DCA,1,1
MEM,DTW,401,101
FNT,MSP,442,156
SEA,TPA,334,121
RDU,PHF,1,1
RSW,BUF,77,14
SYR,LGA,76,28
BUF,MSP,197,42
DCA,BTR,1,1
LSE,MSP,492,119
SCC,ANC,189,37
MEM,CVG,107,53
MHT,PHX,1,1
SEA,MSY,334,118
RSW,FNT,48,20
MCO,MSN,17,5
RSW,PVD,49,15
MSN,MCO,17,6
CMH,DTW,155,35
LIH,OAK,191,30
AUS,MSP,124,24
PIT,JFK,164,102
MSP,HLN,230,58
OMA,PDX,1,1
DTW,SDF,77,36
DTW,BGM,264,89
BGM,DTW,262,70
SDF,DTW,79,33
DTW,RST,8,4
RDU,LAS,334,72
MSY,MKE,109,28
RST,DTW,8,3
CLE,PHL,104,67
LBE,MYR,197,50
MYR,ORD,242,126
IAD,MSY,188,72
PHL,CLE,104,33
LGA,GRR,224,98
DTW,SWF,21,12
SWF,DTW,21,7
GRR,LGA,221,58
ANC,IAH,84,39
EWR,SRQ,98,50
IAG,MYR,116,64
ANC,KOA,44,5
ORD,MYR,242,154
DTW,BGR,312,108
DTW,BMI,136,39
MYR,DTW,387,109
HNL,SLC,324,42
DTW,MYR,387,140
SAT,JFK,264,51
LGA,IND,156,63
BWI,MYR,202,109
SRQ,EWR,98,48
FNT,RSW,48,18
ALB,EWR,169,71
MYR,LBE,197,67
MIA,CLE,258,107
ANC,ADK,96,31
CLE,MIA,257,111
BGR,DTW,313,103
FWA,MSP,273,124
STL,SLC,481,108
MYR,IAG,116,44
DTW,SYR,257,86
CVG,MEM,107,40
MSP,FWA,274,146
CVG,XNA,185,71
BZN,SFO,183,69
DSM,DTW,188,57
LGA,BGR,56,18
BGR,LGA,53,17
DTW,ITH,35,13
XNA,CVG,190,75
ITH,DTW,34,14
CLT,DAB,5,3
DAB,CLT,5,3
DTW,CMH,160,54
ATL,MTJ,35,11
IAD,HDN,15,4
RNO,IAH,32,5
IAD,TTN,1,1
CLT,MYR,6,3
MYR,CLT,6,2
MYR,BWI,202,80
BMI,DTW,136,44
PVD,RSW,49,7
MHT,FLL,7,4
ATL,STX,37,11
FLL,MHT,7,3
HDN,SFO,14,2
DCA,LEX,2,1
MEM,LAS,47,7
MBS,MSP,74,25
DTW,TYS,66,21
CHS,DTW,283,70
BDL,CVG,14,5
MSP,SDF,100,44
CVG,MCI,72,15
SDF,MSP,97,54
TYS,DTW,66,12
MCI,CVG,75,18
PSP,JFK,32,11
CVG,PIT,7,2
PIT,CVG,7,5
CVG,RDU,12,3
RDU,CVG,6,2
SAN,KOA,115,25
CLT,SMF,195,101
MIA,MCI,205,108
IAH,PIA,266,66
MIA,SLC,162,60
SMF,CLT,194,88
SLC,MIA,162,38
PIA,IAH,262,83
MSY,IAD,276,27
LAS,MEM,47,11
MCI,MIA,205,80
TPA,DAY,117,47
PIT,PBI,5,1
MCI,RSW,50,6
ALB,RSW,5,4
PBI,MDW,7,1
DAY,TPA,117,58
RSW,ALB,5,3
IND,LGA,156,49
MKE,MSY,109,29
MDW,PBI,7,1
MIA,SAT,207,80
RSW,ISP,27,5
LAS,BDL,269,129
SAN,STL,184,60
KOA,SAN,117,8
PBI,PVD,32,7
ISP,RSW,27,6
MIA,AUS,207,83
HNL,BLI,156,16
SAT,MIA,206,89
PVD,PBI,32,4
AUS,MIA,206,73
BOS,ACY,181,69
MCO,PWM,7,1
DTW,SCE,211,36
MYR,PHL,194,100
ACY,BOS,182,117
CVG,BDL,12,1
DTW,CHS,284,63
BDL,LAS,268,73
MYR,CRW,64,25
PBI,PIT,5,3
CRW,MYR,64,32
SYR,MSP,172,36
STL,SAN,184,38
RSW,MCI,50,11
BWI,CVG,6,2
PHL,MYR,194,99
IAH,AGS,1,1
MSP,PIA,20,11
ORF,MSP,94,46
IAD,AUS,154,64
DAL,MEM,464,212
PDX,DAL,237,112
SEA,DAL,345,198
DAL,IND,237,121
IND,DAL,237,113
MEM,DAL,467,174
DAL,SJC,298,155
GTF,MSP,305,81
PDX,IAD,241,37
DAL,PDX,237,109
DCA,CMH,290,105
MSP,PSC,259,92
MKE,DAL,238,77
MSP,GTF,305,85
AUS,IAD,109,24
JAX,LAS,123,21
MSY,SAT,240,41
SJC,DAL,298,150
CMH,DAL,237,78
DAL,SMF,237,125
DAL,SEA,345,176
HOU,RSW,18,10
SAT,MSY,240,42
SMF,DAL,237,38
LAS,JAX,123,59
CMH,DCA,293,68
DAL,CMH,237,107
TTN,ORD,222,69
PSC,MSP,259,66
ACY,ATL,179,67
ORD,ACY,147,84
MYR,DFW,63,35
ACY,DTW,147,81
ACY,ORD,147,84
MYR,CLE,169,60
ATL,ACY,178,95
IAH,OAK,179,100
ORD,TTN,224,105
OAK,IAH,179,124
CLE,MYR,169,37
LAS,LBE,178,73
LBE,LAS,179,56
SEA,CVG,131,39
DAL,MKE,238,74
DTW,ACY,147,54
DFW,MYR,63,21
BNA,MOB,1,1
MSP,SYR,172,53
SDF,CLT,8,2
CLE,SEA,151,96
MSP,ALB,201,66
DAL,CHS,132,56
BOI,SEA,1039,390
CHS,DAL,132,8
ABQ,MCO,99,34
CLT,SDF,8,2
SEA,HOU,147,76
MSP,BUF,195,60
SEA,BOI,1038,323
HOU,SEA,147,72
LGA,PWM,54,16
SEA,CLE,151,52
ALB,MSP,201,40
MCI,LNK,1,1
DCA,PVD,43,16
PVD,DCA,43,19
SFO,SMX,415,118
MCO,ABQ,99,22
JFK,ACK,333,92
ORD,LBE,158,68
ACK,JFK,333,106
LBE,ORD,158,78
OKC,EWR,159,70
SMX,SFO,415,95
BOS,ACK,118,43
CVG,IAD,72,11
ACK,BOS,118,40
PHL,PDX,147,56
LGB,ANC,118,62
ANC,LGB,118,34
MSP,TVC,110,48
MVY,JFK,121,43
TVC,MSP,109,56
SEA,SIT,253,100
FAI,MSP,124,51
MKE,SAN,18,4
MDW,PNS,30,3
EWR,OKC,161,84
HLN,MSP,230,31
JFK,MVY,121,32
PDX,PHL,146,36
IAH,ANC,82,42
BOS,OAK,102,53
OAK,BOS,102,54
ANC,ATL,102,31
SLC,ANC,98,50
MSP,ROC,123,46
SIT,SEA,346,98
ATL,ANC,102,33
MSP,FAI,124,50
JFK,PIT,158,40
TUL,AUS,1,1
ANC,SLC,98,13
PNS,MDW,30,7
JFK,RNO,169,57
RNO,JFK,169,65
SLC,WYS,208,119
LGA,MSN,151,62
PWM,LGA,61,17
MIA,JAX,339,107
JAX,MIA,339,127
MSP,ORF,93,44
FAI,ORD,75,57
ANC,DFW,119,57
SMF,PHL,75,36
ABQ,CLT,95,16
MSP,LEX,55,29
WYS,SLC,208,58
DFW,ANC,119,58
ORD,FAI,75,53
LEX,MSP,55,40
PHL,SMF,75,29
LGA,ILM,87,42
IND,SLC,86,13
IAH,RAP,24,5
RAP,IAH,25,10
SEA,BNA,185,77
MSY,OAK,177,53
ANC,AKN,63,26
MDW,BOI,63,43
BOI,MDW,63,27
AKN,ANC,63,32
ANC,DLG,77,17
PDX,BWI,63,30
BNA,OAK,177,71
OAK,MSY,177,112
JNU,GST,77,40
GST,JNU,77,51
CLT,ABQ,95,37
GEG,MDW,63,11
OAK,BNA,177,84
DLG,ANC,77,17
HOU,PDX,63,20
MDW,GEG,63,33
OMA,LAX,63,24
MSN,LGA,153,50
SLC,IND,86,24
LGA,TVC,46,16
MDW,PWM,9,2
MSP,IDA,19,12
ORF,TPA,9,6
PDX,HOU,63,34
IDA,MSP,19,7
MSN,CID,1,1
STT,IAH,22,6
SAN,MKE,18,6
BZN,PDX,116,5
ALB,DEN,9,3
BWI,PDX,63,34
HOU,SLC,9,8
ILM,LGA,87,23
ATL,TVC,33,17
TVC,LGA,46,14
SLC,MEM,56,19
LAX,OMA,63,21
MCI,DLH,1,1
OMA,DCA,1,1
SWF,TPA,2,2
BOS,MVY,84,27
BOS,SMF,49,30
SMF,BOS,49,30
MEM,SLC,55,10
IAH,STT,22,8
TVC,ATL,33,13
JFK,HYA,83,29
HYA,JFK,83,21
PWM,MDW,9,3
DCA,ACK,41,17
BNA,SEA,185,60
ATL,MSO,15,5
ACK,DCA,41,16
RSW,HOU,18,4
COD,ORD,9,6
MVY,BOS,84,27
PDX,BZN,116,5
LGA,BZN,10,3
FCA,ATL,25,5
BZN,LGA,10,4
IND,BOS,299,128
SNA,AUS,156,60
BOS,IND,299,55
PDX,AUS,99,29
SNA,MDW,156,37
STL,AUS,156,61
AUS,PDX,99,25
AUS,STL,156,40
ATL,FCA,25,5
DEN,OTH,27,13
OKC,SEA,153,32
SFO,MSO,47,25
SEA,OKC,153,17
ORD,BIL,46,31
BIL,ORD,46,9
EWR,MYR,8,4
STL,PDX,153,20
ORD,COD,9,6
CLT,GSO,143,63
MSO,SFO,47,16
OTH,DEN,27,11
MDW,SNA,156,76
AUS,SNA,156,47
MHT,LAS,9,4
ANC,EWR,7,3
SAT,IAD,1,1
EWR,TVC,28,12
MSO,ORD,2,1
PDX,STL,153,15
MSP,RNO,29,5
DEN,ALB,9,1
TVC,EWR,28,8
RST,CLE,1,1
TPA,ORF,9,1
EWR,ANC,7,3
DCA,CVG,31,21
CVG,DCA,32,23
DCA,RDU,29,17
RDU,DCA,28,16
DCA,SYR,31,25
SYR,DCA,32,10
MEM,LGA,40,10
DCA,HSV,24,10
HSV,DCA,24,14
EWR,AVP,53,15
DCA,PNS,10,6
CMH,BOS,215,49
DAL,BOS,114,55
DCA,SDF,2,1
BOS,CMH,215,38
SDF,DCA,2,1
DTW,DAL,115,15
DAL,PHL,114,33
DAL,CLT,114,31
DAL,DTW,114,42
DAL,PIT,114,36
BOS,DAL,114,21
CLT,DAL,114,21
DAL,RDU,114,56
DAL,SLC,114,33
DAL,OMA,114,29
SLC,DAL,114,21
MYR,EWR,8,1
PIT,DAL,114,11
DCA,GSP,4,1
GSP,DCA,4,1
CHS,OKC,1,1
SBN,COS,1,1
PVD,PHL,282,71
PHL,DAL,114,13
PHL,PVD,284,77
PWM,DCA,43,14
DCA,HPN,3,1
HPN,DCA,3,1
PDX,FAT,101,21
FAT,SAN,196,53
SAN,FAT,196,53
FAT,PDX,99,23
LGA,MEM,35,15
OAK,CMH,114,51
FCA,MSO,1,1
LAX,MSN,1,1
DCA,PWM,43,6
SFO,MSN,2,2
IAH,MSN,1,1
MSN,BOS,1,1
IND,RDU,65,17
MSN,SFO,1,1
PNS,DCA,10,1
CMH,OAK,114,22
OMA,DAL,114,24
ILM,CLT,161,48
IND,PHL,134,33
CLT,ILM,162,50
GSO,CLT,142,26
RDU,DAL,114,17
PHL,RIC,6,3
LGB,PHX,1,1
EWR,PHL,2,1
XNA,SFO,52,31
BOI,PDX,62,39
PSC,SEA,176,94
CAK,EWR,120,41
RDU,SEA,61,34
PDX,BOI,61,33
SEA,PSC,177,77
EWR,CAK,117,37
SFO,XNA,51,11
PHL,BDL,4,2
MSP,CWA,25,8
CWA,MSP,25,10
SGF,CLT,114,85
CLT,SGF,114,68
HOU,TUS,8,4
IAD,SAT,21,4
HNL,MSP,45,4
SEA,RDU,61,11
LAS,CAK,47,15
MSP,HNL,45,12
CAK,LAS,47,8
FLL,CHS,43,13
CHS,FLL,43,10
SNA,MCI,40,20
HOU,LBB,8,4
LBB,HOU,8,5
MCI,SNA,40,14
STL,SNA,40,12
SEA,CHS,26,4
SNA,STL,40,6
SLC,TPA,1,1
RDU,IND,1,1
BDL,IAH,3,2
PIA,MSP,19,14
CHS,SEA,26,3
EUG,BOI,1,1
TUS,HOU,8,2
AUS,MEM,8,3
MEM,AUS,8,2
SWF,PBI,2,2
OAK,FLL,1,1
LGA,DSM,1,1
BIL,SEA,13,3
MSO,SEA,13,10
JFK,JAC,4,2
DTW,MQT,19,6
MQT,DTW,18,12
EGE,SLC,3,2
SEA,MSO,13,8
SEA,BIL,13,3
SWF,RSW,1,1
MTJ,LGA,2,1
OKC,FLL,1,1
GSP,MIA,1,1
MIA,OKC,1,1
OKC,MIA,1,1
CID,LAX,1,1
